"","filename","sti","ai","pi","min_ess"
"1","article_0_0_0_3_0_100.RDa",1,1,1,NA
"2","article_0_0_0_3_0_100.RDa",1,1,2,NA
"3","article_0_0_0_3_0_100.RDa",1,2,1,NA
"4","article_0_0_0_3_0_100.RDa",1,2,2,9.17071063842691
"5","article_0_0_0_3_0_100.RDa",2,1,1,NA
"6","article_0_0_0_3_0_100.RDa",2,1,2,NA
"7","article_0_0_0_3_0_100.RDa",2,2,1,NA
"8","article_0_0_0_3_0_100.RDa",2,2,2,NA
"9","article_0_0_0_3_0_101.RDa",1,1,1,NA
"10","article_0_0_0_3_0_101.RDa",1,1,2,NA
"11","article_0_0_0_3_0_101.RDa",1,2,1,NA
"12","article_0_0_0_3_0_101.RDa",1,2,2,120.907570125785
"13","article_0_0_0_3_0_101.RDa",2,1,1,NA
"14","article_0_0_0_3_0_101.RDa",2,1,2,NA
"15","article_0_0_0_3_0_101.RDa",2,2,1,NA
"16","article_0_0_0_3_0_101.RDa",2,2,2,NA
"17","article_0_0_0_3_0_102.RDa",1,1,1,NA
"18","article_0_0_0_3_0_102.RDa",1,1,2,NA
"19","article_0_0_0_3_0_102.RDa",1,2,1,NA
"20","article_0_0_0_3_0_102.RDa",1,2,2,NA
"21","article_0_0_0_3_0_102.RDa",2,1,1,NA
"22","article_0_0_0_3_0_102.RDa",2,1,2,NA
"23","article_0_0_0_3_0_102.RDa",2,2,1,NA
"24","article_0_0_0_3_0_102.RDa",2,2,2,NA
"25","article_0_0_0_3_0_103.RDa",1,1,1,NA
"26","article_0_0_0_3_0_103.RDa",1,1,2,NA
"27","article_0_0_0_3_0_103.RDa",1,2,1,NA
"28","article_0_0_0_3_0_103.RDa",1,2,2,NA
"29","article_0_0_0_3_0_103.RDa",2,1,1,NA
"30","article_0_0_0_3_0_103.RDa",2,1,2,NA
"31","article_0_0_0_3_0_103.RDa",2,2,1,NA
"32","article_0_0_0_3_0_103.RDa",2,2,2,NA
"33","article_0_0_0_3_0_104.RDa",1,1,1,NA
"34","article_0_0_0_3_0_104.RDa",1,1,2,NA
"35","article_0_0_0_3_0_104.RDa",1,2,1,NA
"36","article_0_0_0_3_0_104.RDa",1,2,2,NA
"37","article_0_0_0_3_0_104.RDa",2,1,1,NA
"38","article_0_0_0_3_0_104.RDa",2,1,2,NA
"39","article_0_0_0_3_0_104.RDa",2,2,1,NA
"40","article_0_0_0_3_0_104.RDa",2,2,2,NA
"41","article_0_0_0_3_0_105.RDa",1,1,1,NA
"42","article_0_0_0_3_0_105.RDa",1,1,2,NA
"43","article_0_0_0_3_0_105.RDa",1,2,1,NA
"44","article_0_0_0_3_0_105.RDa",1,2,2,NA
"45","article_0_0_0_3_0_105.RDa",2,1,1,NA
"46","article_0_0_0_3_0_105.RDa",2,1,2,NA
"47","article_0_0_0_3_0_105.RDa",2,2,1,NA
"48","article_0_0_0_3_0_105.RDa",2,2,2,NA
"49","article_0_0_0_3_0_106.RDa",1,1,1,NA
"50","article_0_0_0_3_0_106.RDa",1,1,2,NA
"51","article_0_0_0_3_0_106.RDa",1,2,1,NA
"52","article_0_0_0_3_0_106.RDa",1,2,2,NA
"53","article_0_0_0_3_0_106.RDa",2,1,1,NA
"54","article_0_0_0_3_0_106.RDa",2,1,2,NA
"55","article_0_0_0_3_0_106.RDa",2,2,1,NA
"56","article_0_0_0_3_0_106.RDa",2,2,2,NA
"57","article_0_0_0_3_0_107.RDa",1,1,1,NA
"58","article_0_0_0_3_0_107.RDa",1,1,2,NA
"59","article_0_0_0_3_0_107.RDa",1,2,1,NA
"60","article_0_0_0_3_0_107.RDa",1,2,2,NA
"61","article_0_0_0_3_0_107.RDa",2,1,1,NA
"62","article_0_0_0_3_0_107.RDa",2,1,2,NA
"63","article_0_0_0_3_0_107.RDa",2,2,1,NA
"64","article_0_0_0_3_0_107.RDa",2,2,2,NA
"65","article_0_0_0_3_0_108.RDa",1,1,1,NA
"66","article_0_0_0_3_0_108.RDa",1,1,2,NA
"67","article_0_0_0_3_0_108.RDa",1,2,1,NA
"68","article_0_0_0_3_0_108.RDa",1,2,2,NA
"69","article_0_0_0_3_0_108.RDa",2,1,1,NA
"70","article_0_0_0_3_0_108.RDa",2,1,2,NA
"71","article_0_0_0_3_0_108.RDa",2,2,1,NA
"72","article_0_0_0_3_0_108.RDa",2,2,2,NA
"73","article_0_0_0_3_0_109.RDa",1,1,1,NA
"74","article_0_0_0_3_0_109.RDa",1,1,2,NA
"75","article_0_0_0_3_0_109.RDa",1,2,1,NA
"76","article_0_0_0_3_0_109.RDa",1,2,2,NA
"77","article_0_0_0_3_0_109.RDa",2,1,1,NA
"78","article_0_0_0_3_0_109.RDa",2,1,2,NA
"79","article_0_0_0_3_0_109.RDa",2,2,1,NA
"80","article_0_0_0_3_0_109.RDa",2,2,2,NA
"81","article_0_0_0_3_0_110.RDa",1,1,1,NA
"82","article_0_0_0_3_0_110.RDa",1,1,2,NA
"83","article_0_0_0_3_0_110.RDa",1,2,1,NA
"84","article_0_0_0_3_0_110.RDa",1,2,2,NA
"85","article_0_0_0_3_0_110.RDa",2,1,1,NA
"86","article_0_0_0_3_0_110.RDa",2,1,2,NA
"87","article_0_0_0_3_0_110.RDa",2,2,1,NA
"88","article_0_0_0_3_0_110.RDa",2,2,2,NA
"89","article_0_0_0_3_0_111.RDa",1,1,1,NA
"90","article_0_0_0_3_0_111.RDa",1,1,2,NA
"91","article_0_0_0_3_0_111.RDa",1,2,1,NA
"92","article_0_0_0_3_0_111.RDa",1,2,2,NA
"93","article_0_0_0_3_0_111.RDa",2,1,1,NA
"94","article_0_0_0_3_0_111.RDa",2,1,2,NA
"95","article_0_0_0_3_0_111.RDa",2,2,1,NA
"96","article_0_0_0_3_0_111.RDa",2,2,2,NA
"97","article_0_0_0_3_0_112.RDa",1,1,1,NA
"98","article_0_0_0_3_0_112.RDa",1,1,2,NA
"99","article_0_0_0_3_0_112.RDa",1,2,1,NA
"100","article_0_0_0_3_0_112.RDa",1,2,2,NA
"101","article_0_0_0_3_0_112.RDa",2,1,1,NA
"102","article_0_0_0_3_0_112.RDa",2,1,2,NA
"103","article_0_0_0_3_0_112.RDa",2,2,1,NA
"104","article_0_0_0_3_0_112.RDa",2,2,2,NA
"105","article_0_0_0_3_0_113.RDa",1,1,1,NA
"106","article_0_0_0_3_0_113.RDa",1,1,2,NA
"107","article_0_0_0_3_0_113.RDa",1,2,1,NA
"108","article_0_0_0_3_0_113.RDa",1,2,2,NA
"109","article_0_0_0_3_0_113.RDa",2,1,1,NA
"110","article_0_0_0_3_0_113.RDa",2,1,2,NA
"111","article_0_0_0_3_0_113.RDa",2,2,1,NA
"112","article_0_0_0_3_0_113.RDa",2,2,2,40.026902514975
"113","article_0_0_0_3_0_114.RDa",1,1,1,NA
"114","article_0_0_0_3_0_114.RDa",1,1,2,NA
"115","article_0_0_0_3_0_114.RDa",1,2,1,NA
"116","article_0_0_0_3_0_114.RDa",1,2,2,NA
"117","article_0_0_0_3_0_114.RDa",2,1,1,NA
"118","article_0_0_0_3_0_114.RDa",2,1,2,NA
"119","article_0_0_0_3_0_114.RDa",2,2,1,NA
"120","article_0_0_0_3_0_114.RDa",2,2,2,NA
"121","article_0_0_0_3_0_115.RDa",1,1,1,NA
"122","article_0_0_0_3_0_115.RDa",1,1,2,NA
"123","article_0_0_0_3_0_115.RDa",1,2,1,NA
"124","article_0_0_0_3_0_115.RDa",1,2,2,NA
"125","article_0_0_0_3_0_115.RDa",2,1,1,NA
"126","article_0_0_0_3_0_115.RDa",2,1,2,NA
"127","article_0_0_0_3_0_115.RDa",2,2,1,NA
"128","article_0_0_0_3_0_115.RDa",2,2,2,NA
"129","article_0_0_0_3_0_116.RDa",1,1,1,NA
"130","article_0_0_0_3_0_116.RDa",1,1,2,NA
"131","article_0_0_0_3_0_116.RDa",1,2,1,NA
"132","article_0_0_0_3_0_116.RDa",1,2,2,NA
"133","article_0_0_0_3_0_116.RDa",2,1,1,NA
"134","article_0_0_0_3_0_116.RDa",2,1,2,NA
"135","article_0_0_0_3_0_116.RDa",2,2,1,NA
"136","article_0_0_0_3_0_116.RDa",2,2,2,NA
"137","article_0_0_0_3_0_117.RDa",1,1,1,NA
"138","article_0_0_0_3_0_117.RDa",1,1,2,NA
"139","article_0_0_0_3_0_117.RDa",1,2,1,NA
"140","article_0_0_0_3_0_117.RDa",1,2,2,NA
"141","article_0_0_0_3_0_117.RDa",2,1,1,NA
"142","article_0_0_0_3_0_117.RDa",2,1,2,NA
"143","article_0_0_0_3_0_117.RDa",2,2,1,NA
"144","article_0_0_0_3_0_117.RDa",2,2,2,NA
"145","article_0_0_0_3_0_118.RDa",1,1,1,NA
"146","article_0_0_0_3_0_118.RDa",1,1,2,NA
"147","article_0_0_0_3_0_118.RDa",1,2,1,NA
"148","article_0_0_0_3_0_118.RDa",1,2,2,NA
"149","article_0_0_0_3_0_118.RDa",2,1,1,NA
"150","article_0_0_0_3_0_118.RDa",2,1,2,NA
"151","article_0_0_0_3_0_118.RDa",2,2,1,NA
"152","article_0_0_0_3_0_118.RDa",2,2,2,NA
"153","article_0_0_0_3_0_119.RDa",1,1,1,NA
"154","article_0_0_0_3_0_119.RDa",1,1,2,NA
"155","article_0_0_0_3_0_119.RDa",1,2,1,NA
"156","article_0_0_0_3_0_119.RDa",1,2,2,NA
"157","article_0_0_0_3_0_119.RDa",2,1,1,NA
"158","article_0_0_0_3_0_119.RDa",2,1,2,NA
"159","article_0_0_0_3_0_119.RDa",2,2,1,NA
"160","article_0_0_0_3_0_119.RDa",2,2,2,NA
"161","article_0_0_0_3_1_120.RDa",1,1,1,NA
"162","article_0_0_0_3_1_120.RDa",1,1,2,NA
"163","article_0_0_0_3_1_120.RDa",1,2,1,NA
"164","article_0_0_0_3_1_120.RDa",1,2,2,NA
"165","article_0_0_0_3_1_120.RDa",2,1,1,NA
"166","article_0_0_0_3_1_120.RDa",2,1,2,NA
"167","article_0_0_0_3_1_120.RDa",2,2,1,NA
"168","article_0_0_0_3_1_120.RDa",2,2,2,NA
"169","article_0_0_0_3_1_121.RDa",1,1,1,NA
"170","article_0_0_0_3_1_121.RDa",1,1,2,NA
"171","article_0_0_0_3_1_121.RDa",1,2,1,NA
"172","article_0_0_0_3_1_121.RDa",1,2,2,3.38212222747719
"173","article_0_0_0_3_1_121.RDa",2,1,1,NA
"174","article_0_0_0_3_1_121.RDa",2,1,2,NA
"175","article_0_0_0_3_1_121.RDa",2,2,1,NA
"176","article_0_0_0_3_1_121.RDa",2,2,2,NA
"177","article_0_0_0_3_1_122.RDa",1,1,1,NA
"178","article_0_0_0_3_1_122.RDa",1,1,2,NA
"179","article_0_0_0_3_1_122.RDa",1,2,1,NA
"180","article_0_0_0_3_1_122.RDa",1,2,2,NA
"181","article_0_0_0_3_1_122.RDa",2,1,1,NA
"182","article_0_0_0_3_1_122.RDa",2,1,2,NA
"183","article_0_0_0_3_1_122.RDa",2,2,1,NA
"184","article_0_0_0_3_1_122.RDa",2,2,2,NA
"185","article_0_0_0_3_1_123.RDa",1,1,1,NA
"186","article_0_0_0_3_1_123.RDa",1,1,2,NA
"187","article_0_0_0_3_1_123.RDa",1,2,1,NA
"188","article_0_0_0_3_1_123.RDa",1,2,2,75.8281457429234
"189","article_0_0_0_3_1_123.RDa",2,1,1,NA
"190","article_0_0_0_3_1_123.RDa",2,1,2,NA
"191","article_0_0_0_3_1_123.RDa",2,2,1,NA
"192","article_0_0_0_3_1_123.RDa",2,2,2,NA
"193","article_0_0_0_3_1_124.RDa",1,1,1,NA
"194","article_0_0_0_3_1_124.RDa",1,1,2,NA
"195","article_0_0_0_3_1_124.RDa",1,2,1,NA
"196","article_0_0_0_3_1_124.RDa",1,2,2,NA
"197","article_0_0_0_3_1_124.RDa",2,1,1,NA
"198","article_0_0_0_3_1_124.RDa",2,1,2,589.272441408132
"199","article_0_0_0_3_1_124.RDa",2,2,1,NA
"200","article_0_0_0_3_1_124.RDa",2,2,2,NA
"201","article_0_0_0_3_1_125.RDa",1,1,1,NA
"202","article_0_0_0_3_1_125.RDa",1,1,2,NA
"203","article_0_0_0_3_1_125.RDa",1,2,1,NA
"204","article_0_0_0_3_1_125.RDa",1,2,2,NA
"205","article_0_0_0_3_1_125.RDa",2,1,1,NA
"206","article_0_0_0_3_1_125.RDa",2,1,2,NA
"207","article_0_0_0_3_1_125.RDa",2,2,1,NA
"208","article_0_0_0_3_1_125.RDa",2,2,2,NA
"209","article_0_0_0_3_1_126.RDa",1,1,1,NA
"210","article_0_0_0_3_1_126.RDa",1,1,2,NA
"211","article_0_0_0_3_1_126.RDa",1,2,1,NA
"212","article_0_0_0_3_1_126.RDa",1,2,2,NA
"213","article_0_0_0_3_1_126.RDa",2,1,1,NA
"214","article_0_0_0_3_1_126.RDa",2,1,2,NA
"215","article_0_0_0_3_1_126.RDa",2,2,1,NA
"216","article_0_0_0_3_1_126.RDa",2,2,2,NA
"217","article_0_0_0_3_1_127.RDa",1,1,1,NA
"218","article_0_0_0_3_1_127.RDa",1,1,2,NA
"219","article_0_0_0_3_1_127.RDa",1,2,1,NA
"220","article_0_0_0_3_1_127.RDa",1,2,2,NA
"221","article_0_0_0_3_1_127.RDa",2,1,1,NA
"222","article_0_0_0_3_1_127.RDa",2,1,2,NA
"223","article_0_0_0_3_1_127.RDa",2,2,1,NA
"224","article_0_0_0_3_1_127.RDa",2,2,2,NA
"225","article_0_0_0_3_1_128.RDa",1,1,1,NA
"226","article_0_0_0_3_1_128.RDa",1,1,2,NA
"227","article_0_0_0_3_1_128.RDa",1,2,1,NA
"228","article_0_0_0_3_1_128.RDa",1,2,2,NA
"229","article_0_0_0_3_1_128.RDa",2,1,1,NA
"230","article_0_0_0_3_1_128.RDa",2,1,2,NA
"231","article_0_0_0_3_1_128.RDa",2,2,1,NA
"232","article_0_0_0_3_1_128.RDa",2,2,2,NA
"233","article_0_0_0_3_1_129.RDa",1,1,1,NA
"234","article_0_0_0_3_1_129.RDa",1,1,2,NA
"235","article_0_0_0_3_1_129.RDa",1,2,1,NA
"236","article_0_0_0_3_1_129.RDa",1,2,2,NA
"237","article_0_0_0_3_1_129.RDa",2,1,1,NA
"238","article_0_0_0_3_1_129.RDa",2,1,2,NA
"239","article_0_0_0_3_1_129.RDa",2,2,1,NA
"240","article_0_0_0_3_1_129.RDa",2,2,2,NA
"241","article_0_0_0_3_1_130.RDa",1,1,1,NA
"242","article_0_0_0_3_1_130.RDa",1,1,2,NA
"243","article_0_0_0_3_1_130.RDa",1,2,1,NA
"244","article_0_0_0_3_1_130.RDa",1,2,2,299.940058263025
"245","article_0_0_0_3_1_130.RDa",2,1,1,NA
"246","article_0_0_0_3_1_130.RDa",2,1,2,NA
"247","article_0_0_0_3_1_130.RDa",2,2,1,NA
"248","article_0_0_0_3_1_130.RDa",2,2,2,NA
"249","article_0_0_0_3_1_131.RDa",1,1,1,NA
"250","article_0_0_0_3_1_131.RDa",1,1,2,NA
"251","article_0_0_0_3_1_131.RDa",1,2,1,NA
"252","article_0_0_0_3_1_131.RDa",1,2,2,39.6195176196705
"253","article_0_0_0_3_1_131.RDa",2,1,1,NA
"254","article_0_0_0_3_1_131.RDa",2,1,2,NA
"255","article_0_0_0_3_1_131.RDa",2,2,1,NA
"256","article_0_0_0_3_1_131.RDa",2,2,2,NA
"257","article_0_0_0_3_1_132.RDa",1,1,1,NA
"258","article_0_0_0_3_1_132.RDa",1,1,2,NA
"259","article_0_0_0_3_1_132.RDa",1,2,1,NA
"260","article_0_0_0_3_1_132.RDa",1,2,2,95.9124951457825
"261","article_0_0_0_3_1_132.RDa",2,1,1,NA
"262","article_0_0_0_3_1_132.RDa",2,1,2,NA
"263","article_0_0_0_3_1_132.RDa",2,2,1,NA
"264","article_0_0_0_3_1_132.RDa",2,2,2,NA
"265","article_0_0_0_3_1_133.RDa",1,1,1,NA
"266","article_0_0_0_3_1_133.RDa",1,1,2,NA
"267","article_0_0_0_3_1_133.RDa",1,2,1,NA
"268","article_0_0_0_3_1_133.RDa",1,2,2,46.4496186947898
"269","article_0_0_0_3_1_133.RDa",2,1,1,NA
"270","article_0_0_0_3_1_133.RDa",2,1,2,NA
"271","article_0_0_0_3_1_133.RDa",2,2,1,NA
"272","article_0_0_0_3_1_133.RDa",2,2,2,NA
"273","article_0_0_0_3_1_134.RDa",1,1,1,NA
"274","article_0_0_0_3_1_134.RDa",1,1,2,NA
"275","article_0_0_0_3_1_134.RDa",1,2,1,NA
"276","article_0_0_0_3_1_134.RDa",1,2,2,NA
"277","article_0_0_0_3_1_134.RDa",2,1,1,NA
"278","article_0_0_0_3_1_134.RDa",2,1,2,NA
"279","article_0_0_0_3_1_134.RDa",2,2,1,NA
"280","article_0_0_0_3_1_134.RDa",2,2,2,NA
"281","article_0_0_0_3_1_135.RDa",1,1,1,NA
"282","article_0_0_0_3_1_135.RDa",1,1,2,NA
"283","article_0_0_0_3_1_135.RDa",1,2,1,NA
"284","article_0_0_0_3_1_135.RDa",1,2,2,NA
"285","article_0_0_0_3_1_135.RDa",2,1,1,NA
"286","article_0_0_0_3_1_135.RDa",2,1,2,NA
"287","article_0_0_0_3_1_135.RDa",2,2,1,NA
"288","article_0_0_0_3_1_135.RDa",2,2,2,NA
"289","article_0_0_0_3_1_136.RDa",1,1,1,NA
"290","article_0_0_0_3_1_136.RDa",1,1,2,NA
"291","article_0_0_0_3_1_136.RDa",1,2,1,NA
"292","article_0_0_0_3_1_136.RDa",1,2,2,NA
"293","article_0_0_0_3_1_136.RDa",2,1,1,NA
"294","article_0_0_0_3_1_136.RDa",2,1,2,NA
"295","article_0_0_0_3_1_136.RDa",2,2,1,NA
"296","article_0_0_0_3_1_136.RDa",2,2,2,NA
"297","article_0_0_0_3_1_137.RDa",1,1,1,NA
"298","article_0_0_0_3_1_137.RDa",1,1,2,NA
"299","article_0_0_0_3_1_137.RDa",1,2,1,NA
"300","article_0_0_0_3_1_137.RDa",1,2,2,NA
"301","article_0_0_0_3_1_137.RDa",2,1,1,NA
"302","article_0_0_0_3_1_137.RDa",2,1,2,NA
"303","article_0_0_0_3_1_137.RDa",2,2,1,NA
"304","article_0_0_0_3_1_137.RDa",2,2,2,NA
"305","article_0_0_0_3_1_138.RDa",1,1,1,NA
"306","article_0_0_0_3_1_138.RDa",1,1,2,NA
"307","article_0_0_0_3_1_138.RDa",1,2,1,NA
"308","article_0_0_0_3_1_138.RDa",1,2,2,NA
"309","article_0_0_0_3_1_138.RDa",2,1,1,NA
"310","article_0_0_0_3_1_138.RDa",2,1,2,NA
"311","article_0_0_0_3_1_138.RDa",2,2,1,NA
"312","article_0_0_0_3_1_138.RDa",2,2,2,NA
"313","article_0_0_0_3_1_139.RDa",1,1,1,NA
"314","article_0_0_0_3_1_139.RDa",1,1,2,NA
"315","article_0_0_0_3_1_139.RDa",1,2,1,NA
"316","article_0_0_0_3_1_139.RDa",1,2,2,NA
"317","article_0_0_0_3_1_139.RDa",2,1,1,NA
"318","article_0_0_0_3_1_139.RDa",2,1,2,NA
"319","article_0_0_0_3_1_139.RDa",2,2,1,NA
"320","article_0_0_0_3_1_139.RDa",2,2,2,NA
"321","article_0_0_1_3_0_140.RDa",1,1,1,NA
"322","article_0_0_1_3_0_140.RDa",1,1,2,NA
"323","article_0_0_1_3_0_140.RDa",1,2,1,NA
"324","article_0_0_1_3_0_140.RDa",1,2,2,NA
"325","article_0_0_1_3_0_140.RDa",2,1,1,NA
"326","article_0_0_1_3_0_140.RDa",2,1,2,NA
"327","article_0_0_1_3_0_140.RDa",2,2,1,NA
"328","article_0_0_1_3_0_140.RDa",2,2,2,NA
"329","article_0_0_1_3_0_141.RDa",1,1,1,NA
"330","article_0_0_1_3_0_141.RDa",1,1,2,NA
"331","article_0_0_1_3_0_141.RDa",1,2,1,NA
"332","article_0_0_1_3_0_141.RDa",1,2,2,NA
"333","article_0_0_1_3_0_141.RDa",2,1,1,NA
"334","article_0_0_1_3_0_141.RDa",2,1,2,NA
"335","article_0_0_1_3_0_141.RDa",2,2,1,NA
"336","article_0_0_1_3_0_141.RDa",2,2,2,NA
"337","article_0_0_1_3_0_142.RDa",1,1,1,NA
"338","article_0_0_1_3_0_142.RDa",1,1,2,NA
"339","article_0_0_1_3_0_142.RDa",1,2,1,NA
"340","article_0_0_1_3_0_142.RDa",1,2,2,NA
"341","article_0_0_1_3_0_142.RDa",2,1,1,NA
"342","article_0_0_1_3_0_142.RDa",2,1,2,NA
"343","article_0_0_1_3_0_142.RDa",2,2,1,NA
"344","article_0_0_1_3_0_142.RDa",2,2,2,NA
"345","article_0_0_1_3_0_143.RDa",1,1,1,NA
"346","article_0_0_1_3_0_143.RDa",1,1,2,NA
"347","article_0_0_1_3_0_143.RDa",1,2,1,NA
"348","article_0_0_1_3_0_143.RDa",1,2,2,NA
"349","article_0_0_1_3_0_143.RDa",2,1,1,NA
"350","article_0_0_1_3_0_143.RDa",2,1,2,NA
"351","article_0_0_1_3_0_143.RDa",2,2,1,NA
"352","article_0_0_1_3_0_143.RDa",2,2,2,NA
"353","article_0_0_1_3_0_144.RDa",1,1,1,NA
"354","article_0_0_1_3_0_144.RDa",1,1,2,NA
"355","article_0_0_1_3_0_144.RDa",1,2,1,NA
"356","article_0_0_1_3_0_144.RDa",1,2,2,NA
"357","article_0_0_1_3_0_144.RDa",2,1,1,NA
"358","article_0_0_1_3_0_144.RDa",2,1,2,NA
"359","article_0_0_1_3_0_144.RDa",2,2,1,NA
"360","article_0_0_1_3_0_144.RDa",2,2,2,NA
"361","article_0_0_1_3_0_145.RDa",1,1,1,NA
"362","article_0_0_1_3_0_145.RDa",1,1,2,NA
"363","article_0_0_1_3_0_145.RDa",1,2,1,NA
"364","article_0_0_1_3_0_145.RDa",1,2,2,NA
"365","article_0_0_1_3_0_145.RDa",2,1,1,NA
"366","article_0_0_1_3_0_145.RDa",2,1,2,NA
"367","article_0_0_1_3_0_145.RDa",2,2,1,NA
"368","article_0_0_1_3_0_145.RDa",2,2,2,NA
"369","article_0_0_1_3_0_146.RDa",1,1,1,NA
"370","article_0_0_1_3_0_146.RDa",1,1,2,NA
"371","article_0_0_1_3_0_146.RDa",1,2,1,NA
"372","article_0_0_1_3_0_146.RDa",1,2,2,NA
"373","article_0_0_1_3_0_146.RDa",2,1,1,NA
"374","article_0_0_1_3_0_146.RDa",2,1,2,NA
"375","article_0_0_1_3_0_146.RDa",2,2,1,NA
"376","article_0_0_1_3_0_146.RDa",2,2,2,NA
"377","article_0_0_1_3_0_147.RDa",1,1,1,NA
"378","article_0_0_1_3_0_147.RDa",1,1,2,NA
"379","article_0_0_1_3_0_147.RDa",1,2,1,NA
"380","article_0_0_1_3_0_147.RDa",1,2,2,NA
"381","article_0_0_1_3_0_147.RDa",2,1,1,NA
"382","article_0_0_1_3_0_147.RDa",2,1,2,NA
"383","article_0_0_1_3_0_147.RDa",2,2,1,NA
"384","article_0_0_1_3_0_147.RDa",2,2,2,NA
"385","article_0_0_1_3_0_148.RDa",1,1,1,NA
"386","article_0_0_1_3_0_148.RDa",1,1,2,NA
"387","article_0_0_1_3_0_148.RDa",1,2,1,NA
"388","article_0_0_1_3_0_148.RDa",1,2,2,NA
"389","article_0_0_1_3_0_148.RDa",2,1,1,NA
"390","article_0_0_1_3_0_148.RDa",2,1,2,NA
"391","article_0_0_1_3_0_148.RDa",2,2,1,NA
"392","article_0_0_1_3_0_148.RDa",2,2,2,NA
"393","article_0_0_1_3_0_149.RDa",1,1,1,NA
"394","article_0_0_1_3_0_149.RDa",1,1,2,NA
"395","article_0_0_1_3_0_149.RDa",1,2,1,NA
"396","article_0_0_1_3_0_149.RDa",1,2,2,NA
"397","article_0_0_1_3_0_149.RDa",2,1,1,NA
"398","article_0_0_1_3_0_149.RDa",2,1,2,NA
"399","article_0_0_1_3_0_149.RDa",2,2,1,NA
"400","article_0_0_1_3_0_149.RDa",2,2,2,NA
"401","article_0_0_1_3_0_150.RDa",1,1,1,NA
"402","article_0_0_1_3_0_150.RDa",1,1,2,NA
"403","article_0_0_1_3_0_150.RDa",1,2,1,NA
"404","article_0_0_1_3_0_150.RDa",1,2,2,NA
"405","article_0_0_1_3_0_150.RDa",2,1,1,NA
"406","article_0_0_1_3_0_150.RDa",2,1,2,NA
"407","article_0_0_1_3_0_150.RDa",2,2,1,NA
"408","article_0_0_1_3_0_150.RDa",2,2,2,NA
"409","article_0_0_1_3_0_151.RDa",1,1,1,NA
"410","article_0_0_1_3_0_151.RDa",1,1,2,3.99394748401646
"411","article_0_0_1_3_0_151.RDa",1,2,1,NA
"412","article_0_0_1_3_0_151.RDa",1,2,2,NA
"413","article_0_0_1_3_0_151.RDa",2,1,1,NA
"414","article_0_0_1_3_0_151.RDa",2,1,2,NA
"415","article_0_0_1_3_0_151.RDa",2,2,1,NA
"416","article_0_0_1_3_0_151.RDa",2,2,2,NA
"417","article_0_0_1_3_0_152.RDa",1,1,1,NA
"418","article_0_0_1_3_0_152.RDa",1,1,2,NA
"419","article_0_0_1_3_0_152.RDa",1,2,1,NA
"420","article_0_0_1_3_0_152.RDa",1,2,2,NA
"421","article_0_0_1_3_0_152.RDa",2,1,1,NA
"422","article_0_0_1_3_0_152.RDa",2,1,2,NA
"423","article_0_0_1_3_0_152.RDa",2,2,1,NA
"424","article_0_0_1_3_0_152.RDa",2,2,2,NA
"425","article_0_0_1_3_0_153.RDa",1,1,1,NA
"426","article_0_0_1_3_0_153.RDa",1,1,2,NA
"427","article_0_0_1_3_0_153.RDa",1,2,1,NA
"428","article_0_0_1_3_0_153.RDa",1,2,2,NA
"429","article_0_0_1_3_0_153.RDa",2,1,1,NA
"430","article_0_0_1_3_0_153.RDa",2,1,2,NA
"431","article_0_0_1_3_0_153.RDa",2,2,1,NA
"432","article_0_0_1_3_0_153.RDa",2,2,2,NA
"433","article_0_0_1_3_0_154.RDa",1,1,1,NA
"434","article_0_0_1_3_0_154.RDa",1,1,2,NA
"435","article_0_0_1_3_0_154.RDa",1,2,1,NA
"436","article_0_0_1_3_0_154.RDa",1,2,2,NA
"437","article_0_0_1_3_0_154.RDa",2,1,1,72.4266404188486
"438","article_0_0_1_3_0_154.RDa",2,1,2,NA
"439","article_0_0_1_3_0_154.RDa",2,2,1,NA
"440","article_0_0_1_3_0_154.RDa",2,2,2,NA
"441","article_0_0_1_3_0_155.RDa",1,1,1,NA
"442","article_0_0_1_3_0_155.RDa",1,1,2,NA
"443","article_0_0_1_3_0_155.RDa",1,2,1,787.959777862505
"444","article_0_0_1_3_0_155.RDa",1,2,2,NA
"445","article_0_0_1_3_0_155.RDa",2,1,1,NA
"446","article_0_0_1_3_0_155.RDa",2,1,2,NA
"447","article_0_0_1_3_0_155.RDa",2,2,1,NA
"448","article_0_0_1_3_0_155.RDa",2,2,2,NA
"449","article_0_0_1_3_0_156.RDa",1,1,1,NA
"450","article_0_0_1_3_0_156.RDa",1,1,2,NA
"451","article_0_0_1_3_0_156.RDa",1,2,1,NA
"452","article_0_0_1_3_0_156.RDa",1,2,2,NA
"453","article_0_0_1_3_0_156.RDa",2,1,1,NA
"454","article_0_0_1_3_0_156.RDa",2,1,2,NA
"455","article_0_0_1_3_0_156.RDa",2,2,1,NA
"456","article_0_0_1_3_0_156.RDa",2,2,2,NA
"457","article_0_0_1_3_0_157.RDa",1,1,1,NA
"458","article_0_0_1_3_0_157.RDa",1,1,2,NA
"459","article_0_0_1_3_0_157.RDa",1,2,1,NA
"460","article_0_0_1_3_0_157.RDa",1,2,2,NA
"461","article_0_0_1_3_0_157.RDa",2,1,1,NA
"462","article_0_0_1_3_0_157.RDa",2,1,2,NA
"463","article_0_0_1_3_0_157.RDa",2,2,1,NA
"464","article_0_0_1_3_0_157.RDa",2,2,2,NA
"465","article_0_0_1_3_0_158.RDa",1,1,1,749.992704720907
"466","article_0_0_1_3_0_158.RDa",1,1,2,NA
"467","article_0_0_1_3_0_158.RDa",1,2,1,NA
"468","article_0_0_1_3_0_158.RDa",1,2,2,NA
"469","article_0_0_1_3_0_158.RDa",2,1,1,NA
"470","article_0_0_1_3_0_158.RDa",2,1,2,NA
"471","article_0_0_1_3_0_158.RDa",2,2,1,NA
"472","article_0_0_1_3_0_158.RDa",2,2,2,NA
"473","article_0_0_1_3_0_159.RDa",1,1,1,NA
"474","article_0_0_1_3_0_159.RDa",1,1,2,NA
"475","article_0_0_1_3_0_159.RDa",1,2,1,NA
"476","article_0_0_1_3_0_159.RDa",1,2,2,NA
"477","article_0_0_1_3_0_159.RDa",2,1,1,NA
"478","article_0_0_1_3_0_159.RDa",2,1,2,NA
"479","article_0_0_1_3_0_159.RDa",2,2,1,608.359962378048
"480","article_0_0_1_3_0_159.RDa",2,2,2,NA
"481","article_0_0_1_3_1_160.RDa",1,1,1,NA
"482","article_0_0_1_3_1_160.RDa",1,1,2,NA
"483","article_0_0_1_3_1_160.RDa",1,2,1,NA
"484","article_0_0_1_3_1_160.RDa",1,2,2,NA
"485","article_0_0_1_3_1_160.RDa",2,1,1,NA
"486","article_0_0_1_3_1_160.RDa",2,1,2,NA
"487","article_0_0_1_3_1_160.RDa",2,2,1,NA
"488","article_0_0_1_3_1_160.RDa",2,2,2,NA
"489","article_0_0_1_3_1_161.RDa",1,1,1,NA
"490","article_0_0_1_3_1_161.RDa",1,1,2,NA
"491","article_0_0_1_3_1_161.RDa",1,2,1,NA
"492","article_0_0_1_3_1_161.RDa",1,2,2,NA
"493","article_0_0_1_3_1_161.RDa",2,1,1,NA
"494","article_0_0_1_3_1_161.RDa",2,1,2,NA
"495","article_0_0_1_3_1_161.RDa",2,2,1,NA
"496","article_0_0_1_3_1_161.RDa",2,2,2,NA
"497","article_0_0_1_3_1_162.RDa",1,1,1,NA
"498","article_0_0_1_3_1_162.RDa",1,1,2,NA
"499","article_0_0_1_3_1_162.RDa",1,2,1,NA
"500","article_0_0_1_3_1_162.RDa",1,2,2,NA
"501","article_0_0_1_3_1_162.RDa",2,1,1,NA
"502","article_0_0_1_3_1_162.RDa",2,1,2,8.00753388882567
"503","article_0_0_1_3_1_162.RDa",2,2,1,NA
"504","article_0_0_1_3_1_162.RDa",2,2,2,NA
"505","article_0_0_1_3_1_163.RDa",1,1,1,NA
"506","article_0_0_1_3_1_163.RDa",1,1,2,NA
"507","article_0_0_1_3_1_163.RDa",1,2,1,NA
"508","article_0_0_1_3_1_163.RDa",1,2,2,NA
"509","article_0_0_1_3_1_163.RDa",2,1,1,NA
"510","article_0_0_1_3_1_163.RDa",2,1,2,NA
"511","article_0_0_1_3_1_163.RDa",2,2,1,NA
"512","article_0_0_1_3_1_163.RDa",2,2,2,NA
"513","article_0_0_1_3_1_164.RDa",1,1,1,NA
"514","article_0_0_1_3_1_164.RDa",1,1,2,NA
"515","article_0_0_1_3_1_164.RDa",1,2,1,27.2287138085895
"516","article_0_0_1_3_1_164.RDa",1,2,2,NA
"517","article_0_0_1_3_1_164.RDa",2,1,1,NA
"518","article_0_0_1_3_1_164.RDa",2,1,2,NA
"519","article_0_0_1_3_1_164.RDa",2,2,1,NA
"520","article_0_0_1_3_1_164.RDa",2,2,2,NA
"521","article_0_0_1_3_1_165.RDa",1,1,1,NA
"522","article_0_0_1_3_1_165.RDa",1,1,2,250.565522644115
"523","article_0_0_1_3_1_165.RDa",1,2,1,NA
"524","article_0_0_1_3_1_165.RDa",1,2,2,NA
"525","article_0_0_1_3_1_165.RDa",2,1,1,NA
"526","article_0_0_1_3_1_165.RDa",2,1,2,NA
"527","article_0_0_1_3_1_165.RDa",2,2,1,NA
"528","article_0_0_1_3_1_165.RDa",2,2,2,NA
"529","article_0_0_1_3_1_166.RDa",1,1,1,NA
"530","article_0_0_1_3_1_166.RDa",1,1,2,NA
"531","article_0_0_1_3_1_166.RDa",1,2,1,NA
"532","article_0_0_1_3_1_166.RDa",1,2,2,NA
"533","article_0_0_1_3_1_166.RDa",2,1,1,NA
"534","article_0_0_1_3_1_166.RDa",2,1,2,NA
"535","article_0_0_1_3_1_166.RDa",2,2,1,NA
"536","article_0_0_1_3_1_166.RDa",2,2,2,NA
"537","article_0_0_1_3_1_167.RDa",1,1,1,NA
"538","article_0_0_1_3_1_167.RDa",1,1,2,NA
"539","article_0_0_1_3_1_167.RDa",1,2,1,NA
"540","article_0_0_1_3_1_167.RDa",1,2,2,NA
"541","article_0_0_1_3_1_167.RDa",2,1,1,NA
"542","article_0_0_1_3_1_167.RDa",2,1,2,NA
"543","article_0_0_1_3_1_167.RDa",2,2,1,NA
"544","article_0_0_1_3_1_167.RDa",2,2,2,NA
"545","article_0_0_1_3_1_168.RDa",1,1,1,NA
"546","article_0_0_1_3_1_168.RDa",1,1,2,NA
"547","article_0_0_1_3_1_168.RDa",1,2,1,NA
"548","article_0_0_1_3_1_168.RDa",1,2,2,NA
"549","article_0_0_1_3_1_168.RDa",2,1,1,312.515452950469
"550","article_0_0_1_3_1_168.RDa",2,1,2,NA
"551","article_0_0_1_3_1_168.RDa",2,2,1,NA
"552","article_0_0_1_3_1_168.RDa",2,2,2,NA
"553","article_0_0_1_3_1_169.RDa",1,1,1,NA
"554","article_0_0_1_3_1_169.RDa",1,1,2,6.44090786858153
"555","article_0_0_1_3_1_169.RDa",1,2,1,NA
"556","article_0_0_1_3_1_169.RDa",1,2,2,NA
"557","article_0_0_1_3_1_169.RDa",2,1,1,NA
"558","article_0_0_1_3_1_169.RDa",2,1,2,NA
"559","article_0_0_1_3_1_169.RDa",2,2,1,NA
"560","article_0_0_1_3_1_169.RDa",2,2,2,NA
"561","article_0_0_1_3_1_170.RDa",1,1,1,NA
"562","article_0_0_1_3_1_170.RDa",1,1,2,NA
"563","article_0_0_1_3_1_170.RDa",1,2,1,20.8737753277466
"564","article_0_0_1_3_1_170.RDa",1,2,2,NA
"565","article_0_0_1_3_1_170.RDa",2,1,1,NA
"566","article_0_0_1_3_1_170.RDa",2,1,2,NA
"567","article_0_0_1_3_1_170.RDa",2,2,1,NA
"568","article_0_0_1_3_1_170.RDa",2,2,2,NA
"569","article_0_0_1_3_1_171.RDa",1,1,1,NA
"570","article_0_0_1_3_1_171.RDa",1,1,2,NA
"571","article_0_0_1_3_1_171.RDa",1,2,1,NA
"572","article_0_0_1_3_1_171.RDa",1,2,2,NA
"573","article_0_0_1_3_1_171.RDa",2,1,1,NA
"574","article_0_0_1_3_1_171.RDa",2,1,2,NA
"575","article_0_0_1_3_1_171.RDa",2,2,1,10.5729166709774
"576","article_0_0_1_3_1_171.RDa",2,2,2,NA
"577","article_0_0_1_3_1_172.RDa",1,1,1,NA
"578","article_0_0_1_3_1_172.RDa",1,1,2,NA
"579","article_0_0_1_3_1_172.RDa",1,2,1,NA
"580","article_0_0_1_3_1_172.RDa",1,2,2,NA
"581","article_0_0_1_3_1_172.RDa",2,1,1,NA
"582","article_0_0_1_3_1_172.RDa",2,1,2,NA
"583","article_0_0_1_3_1_172.RDa",2,2,1,NA
"584","article_0_0_1_3_1_172.RDa",2,2,2,NA
"585","article_0_0_1_3_1_173.RDa",1,1,1,NA
"586","article_0_0_1_3_1_173.RDa",1,1,2,NA
"587","article_0_0_1_3_1_173.RDa",1,2,1,NA
"588","article_0_0_1_3_1_173.RDa",1,2,2,NA
"589","article_0_0_1_3_1_173.RDa",2,1,1,NA
"590","article_0_0_1_3_1_173.RDa",2,1,2,108.69670584562
"591","article_0_0_1_3_1_173.RDa",2,2,1,NA
"592","article_0_0_1_3_1_173.RDa",2,2,2,NA
"593","article_0_0_1_3_1_174.RDa",1,1,1,NA
"594","article_0_0_1_3_1_174.RDa",1,1,2,NA
"595","article_0_0_1_3_1_174.RDa",1,2,1,NA
"596","article_0_0_1_3_1_174.RDa",1,2,2,NA
"597","article_0_0_1_3_1_174.RDa",2,1,1,NA
"598","article_0_0_1_3_1_174.RDa",2,1,2,NA
"599","article_0_0_1_3_1_174.RDa",2,2,1,NA
"600","article_0_0_1_3_1_174.RDa",2,2,2,NA
"601","article_0_0_1_3_1_175.RDa",1,1,1,NA
"602","article_0_0_1_3_1_175.RDa",1,1,2,NA
"603","article_0_0_1_3_1_175.RDa",1,2,1,NA
"604","article_0_0_1_3_1_175.RDa",1,2,2,NA
"605","article_0_0_1_3_1_175.RDa",2,1,1,NA
"606","article_0_0_1_3_1_175.RDa",2,1,2,NA
"607","article_0_0_1_3_1_175.RDa",2,2,1,NA
"608","article_0_0_1_3_1_175.RDa",2,2,2,NA
"609","article_0_0_1_3_1_176.RDa",1,1,1,NA
"610","article_0_0_1_3_1_176.RDa",1,1,2,NA
"611","article_0_0_1_3_1_176.RDa",1,2,1,NA
"612","article_0_0_1_3_1_176.RDa",1,2,2,NA
"613","article_0_0_1_3_1_176.RDa",2,1,1,NA
"614","article_0_0_1_3_1_176.RDa",2,1,2,NA
"615","article_0_0_1_3_1_176.RDa",2,2,1,NA
"616","article_0_0_1_3_1_176.RDa",2,2,2,NA
"617","article_0_0_1_3_1_177.RDa",1,1,1,NA
"618","article_0_0_1_3_1_177.RDa",1,1,2,NA
"619","article_0_0_1_3_1_177.RDa",1,2,1,NA
"620","article_0_0_1_3_1_177.RDa",1,2,2,NA
"621","article_0_0_1_3_1_177.RDa",2,1,1,NA
"622","article_0_0_1_3_1_177.RDa",2,1,2,NA
"623","article_0_0_1_3_1_177.RDa",2,2,1,NA
"624","article_0_0_1_3_1_177.RDa",2,2,2,NA
"625","article_0_0_1_3_1_178.RDa",1,1,1,NA
"626","article_0_0_1_3_1_178.RDa",1,1,2,NA
"627","article_0_0_1_3_1_178.RDa",1,2,1,NA
"628","article_0_0_1_3_1_178.RDa",1,2,2,NA
"629","article_0_0_1_3_1_178.RDa",2,1,1,NA
"630","article_0_0_1_3_1_178.RDa",2,1,2,NA
"631","article_0_0_1_3_1_178.RDa",2,2,1,NA
"632","article_0_0_1_3_1_178.RDa",2,2,2,701.075563771354
"633","article_0_0_1_3_1_179.RDa",1,1,1,NA
"634","article_0_0_1_3_1_179.RDa",1,1,2,NA
"635","article_0_0_1_3_1_179.RDa",1,2,1,NA
"636","article_0_0_1_3_1_179.RDa",1,2,2,NA
"637","article_0_0_1_3_1_179.RDa",2,1,1,NA
"638","article_0_0_1_3_1_179.RDa",2,1,2,NA
"639","article_0_0_1_3_1_179.RDa",2,2,1,NA
"640","article_0_0_1_3_1_179.RDa",2,2,2,448.751044753562
"641","article_0_0_2_3_0_180.RDa",1,1,1,NA
"642","article_0_0_2_3_0_180.RDa",1,1,2,202.101687418297
"643","article_0_0_2_3_0_180.RDa",1,2,1,NA
"644","article_0_0_2_3_0_180.RDa",1,2,2,NA
"645","article_0_0_2_3_0_180.RDa",2,1,1,NA
"646","article_0_0_2_3_0_180.RDa",2,1,2,NA
"647","article_0_0_2_3_0_180.RDa",2,2,1,NA
"648","article_0_0_2_3_0_180.RDa",2,2,2,NA
"649","article_0_0_2_3_0_181.RDa",1,1,1,NA
"650","article_0_0_2_3_0_181.RDa",1,1,2,NA
"651","article_0_0_2_3_0_181.RDa",1,2,1,NA
"652","article_0_0_2_3_0_181.RDa",1,2,2,NA
"653","article_0_0_2_3_0_181.RDa",2,1,1,NA
"654","article_0_0_2_3_0_181.RDa",2,1,2,NA
"655","article_0_0_2_3_0_181.RDa",2,2,1,NA
"656","article_0_0_2_3_0_181.RDa",2,2,2,NA
"657","article_0_0_2_3_0_182.RDa",1,1,1,NA
"658","article_0_0_2_3_0_182.RDa",1,1,2,NA
"659","article_0_0_2_3_0_182.RDa",1,2,1,NA
"660","article_0_0_2_3_0_182.RDa",1,2,2,NA
"661","article_0_0_2_3_0_182.RDa",2,1,1,325.397780049548
"662","article_0_0_2_3_0_182.RDa",2,1,2,NA
"663","article_0_0_2_3_0_182.RDa",2,2,1,NA
"664","article_0_0_2_3_0_182.RDa",2,2,2,NA
"665","article_0_0_2_3_0_183.RDa",1,1,1,494.339138652677
"666","article_0_0_2_3_0_183.RDa",1,1,2,NA
"667","article_0_0_2_3_0_183.RDa",1,2,1,NA
"668","article_0_0_2_3_0_183.RDa",1,2,2,NA
"669","article_0_0_2_3_0_183.RDa",2,1,1,NA
"670","article_0_0_2_3_0_183.RDa",2,1,2,NA
"671","article_0_0_2_3_0_183.RDa",2,2,1,NA
"672","article_0_0_2_3_0_183.RDa",2,2,2,NA
"673","article_0_0_2_3_0_184.RDa",1,1,1,NA
"674","article_0_0_2_3_0_184.RDa",1,1,2,NA
"675","article_0_0_2_3_0_184.RDa",1,2,1,NA
"676","article_0_0_2_3_0_184.RDa",1,2,2,NA
"677","article_0_0_2_3_0_184.RDa",2,1,1,NA
"678","article_0_0_2_3_0_184.RDa",2,1,2,NA
"679","article_0_0_2_3_0_184.RDa",2,2,1,NA
"680","article_0_0_2_3_0_184.RDa",2,2,2,NA
"681","article_0_0_2_3_0_185.RDa",1,1,1,NA
"682","article_0_0_2_3_0_185.RDa",1,1,2,NA
"683","article_0_0_2_3_0_185.RDa",1,2,1,NA
"684","article_0_0_2_3_0_185.RDa",1,2,2,NA
"685","article_0_0_2_3_0_185.RDa",2,1,1,NA
"686","article_0_0_2_3_0_185.RDa",2,1,2,NA
"687","article_0_0_2_3_0_185.RDa",2,2,1,NA
"688","article_0_0_2_3_0_185.RDa",2,2,2,NA
"689","article_0_0_2_3_0_186.RDa",1,1,1,NA
"690","article_0_0_2_3_0_186.RDa",1,1,2,NA
"691","article_0_0_2_3_0_186.RDa",1,2,1,NA
"692","article_0_0_2_3_0_186.RDa",1,2,2,NA
"693","article_0_0_2_3_0_186.RDa",2,1,1,NA
"694","article_0_0_2_3_0_186.RDa",2,1,2,NA
"695","article_0_0_2_3_0_186.RDa",2,2,1,NA
"696","article_0_0_2_3_0_186.RDa",2,2,2,NA
"697","article_0_0_2_3_0_187.RDa",1,1,1,NA
"698","article_0_0_2_3_0_187.RDa",1,1,2,NA
"699","article_0_0_2_3_0_187.RDa",1,2,1,NA
"700","article_0_0_2_3_0_187.RDa",1,2,2,NA
"701","article_0_0_2_3_0_187.RDa",2,1,1,NA
"702","article_0_0_2_3_0_187.RDa",2,1,2,NA
"703","article_0_0_2_3_0_187.RDa",2,2,1,NA
"704","article_0_0_2_3_0_187.RDa",2,2,2,NA
"705","article_0_0_2_3_0_188.RDa",1,1,1,731.60313240663
"706","article_0_0_2_3_0_188.RDa",1,1,2,NA
"707","article_0_0_2_3_0_188.RDa",1,2,1,NA
"708","article_0_0_2_3_0_188.RDa",1,2,2,NA
"709","article_0_0_2_3_0_188.RDa",2,1,1,NA
"710","article_0_0_2_3_0_188.RDa",2,1,2,NA
"711","article_0_0_2_3_0_188.RDa",2,2,1,NA
"712","article_0_0_2_3_0_188.RDa",2,2,2,NA
"713","article_0_0_2_3_0_189.RDa",1,1,1,NA
"714","article_0_0_2_3_0_189.RDa",1,1,2,NA
"715","article_0_0_2_3_0_189.RDa",1,2,1,74.9876040703515
"716","article_0_0_2_3_0_189.RDa",1,2,2,NA
"717","article_0_0_2_3_0_189.RDa",2,1,1,NA
"718","article_0_0_2_3_0_189.RDa",2,1,2,NA
"719","article_0_0_2_3_0_189.RDa",2,2,1,NA
"720","article_0_0_2_3_0_189.RDa",2,2,2,NA
"721","article_0_0_2_3_0_190.RDa",1,1,1,NA
"722","article_0_0_2_3_0_190.RDa",1,1,2,NA
"723","article_0_0_2_3_0_190.RDa",1,2,1,NA
"724","article_0_0_2_3_0_190.RDa",1,2,2,NA
"725","article_0_0_2_3_0_190.RDa",2,1,1,NA
"726","article_0_0_2_3_0_190.RDa",2,1,2,NA
"727","article_0_0_2_3_0_190.RDa",2,2,1,NA
"728","article_0_0_2_3_0_190.RDa",2,2,2,NA
"729","article_0_0_2_3_0_191.RDa",1,1,1,NA
"730","article_0_0_2_3_0_191.RDa",1,1,2,NA
"731","article_0_0_2_3_0_191.RDa",1,2,1,NA
"732","article_0_0_2_3_0_191.RDa",1,2,2,NA
"733","article_0_0_2_3_0_191.RDa",2,1,1,NA
"734","article_0_0_2_3_0_191.RDa",2,1,2,NA
"735","article_0_0_2_3_0_191.RDa",2,2,1,NA
"736","article_0_0_2_3_0_191.RDa",2,2,2,NA
"737","article_0_0_2_3_0_192.RDa",1,1,1,NA
"738","article_0_0_2_3_0_192.RDa",1,1,2,NA
"739","article_0_0_2_3_0_192.RDa",1,2,1,NA
"740","article_0_0_2_3_0_192.RDa",1,2,2,NA
"741","article_0_0_2_3_0_192.RDa",2,1,1,NA
"742","article_0_0_2_3_0_192.RDa",2,1,2,NA
"743","article_0_0_2_3_0_192.RDa",2,2,1,NA
"744","article_0_0_2_3_0_192.RDa",2,2,2,NA
"745","article_0_0_2_3_0_193.RDa",1,1,1,NA
"746","article_0_0_2_3_0_193.RDa",1,1,2,NA
"747","article_0_0_2_3_0_193.RDa",1,2,1,NA
"748","article_0_0_2_3_0_193.RDa",1,2,2,NA
"749","article_0_0_2_3_0_193.RDa",2,1,1,NA
"750","article_0_0_2_3_0_193.RDa",2,1,2,NA
"751","article_0_0_2_3_0_193.RDa",2,2,1,NA
"752","article_0_0_2_3_0_193.RDa",2,2,2,NA
"753","article_0_0_2_3_0_194.RDa",1,1,1,NA
"754","article_0_0_2_3_0_194.RDa",1,1,2,NA
"755","article_0_0_2_3_0_194.RDa",1,2,1,NA
"756","article_0_0_2_3_0_194.RDa",1,2,2,NA
"757","article_0_0_2_3_0_194.RDa",2,1,1,NA
"758","article_0_0_2_3_0_194.RDa",2,1,2,NA
"759","article_0_0_2_3_0_194.RDa",2,2,1,NA
"760","article_0_0_2_3_0_194.RDa",2,2,2,NA
"761","article_0_0_2_3_0_195.RDa",1,1,1,629.621228463992
"762","article_0_0_2_3_0_195.RDa",1,1,2,NA
"763","article_0_0_2_3_0_195.RDa",1,2,1,NA
"764","article_0_0_2_3_0_195.RDa",1,2,2,NA
"765","article_0_0_2_3_0_195.RDa",2,1,1,NA
"766","article_0_0_2_3_0_195.RDa",2,1,2,NA
"767","article_0_0_2_3_0_195.RDa",2,2,1,NA
"768","article_0_0_2_3_0_195.RDa",2,2,2,NA
"769","article_0_0_2_3_0_196.RDa",1,1,1,NA
"770","article_0_0_2_3_0_196.RDa",1,1,2,NA
"771","article_0_0_2_3_0_196.RDa",1,2,1,NA
"772","article_0_0_2_3_0_196.RDa",1,2,2,NA
"773","article_0_0_2_3_0_196.RDa",2,1,1,NA
"774","article_0_0_2_3_0_196.RDa",2,1,2,NA
"775","article_0_0_2_3_0_196.RDa",2,2,1,NA
"776","article_0_0_2_3_0_196.RDa",2,2,2,NA
"777","article_0_0_2_3_0_197.RDa",1,1,1,NA
"778","article_0_0_2_3_0_197.RDa",1,1,2,NA
"779","article_0_0_2_3_0_197.RDa",1,2,1,NA
"780","article_0_0_2_3_0_197.RDa",1,2,2,NA
"781","article_0_0_2_3_0_197.RDa",2,1,1,NA
"782","article_0_0_2_3_0_197.RDa",2,1,2,NA
"783","article_0_0_2_3_0_197.RDa",2,2,1,NA
"784","article_0_0_2_3_0_197.RDa",2,2,2,NA
"785","article_0_0_2_3_0_198.RDa",1,1,1,NA
"786","article_0_0_2_3_0_198.RDa",1,1,2,NA
"787","article_0_0_2_3_0_198.RDa",1,2,1,NA
"788","article_0_0_2_3_0_198.RDa",1,2,2,NA
"789","article_0_0_2_3_0_198.RDa",2,1,1,NA
"790","article_0_0_2_3_0_198.RDa",2,1,2,NA
"791","article_0_0_2_3_0_198.RDa",2,2,1,NA
"792","article_0_0_2_3_0_198.RDa",2,2,2,NA
"793","article_0_0_2_3_0_199.RDa",1,1,1,NA
"794","article_0_0_2_3_0_199.RDa",1,1,2,NA
"795","article_0_0_2_3_0_199.RDa",1,2,1,NA
"796","article_0_0_2_3_0_199.RDa",1,2,2,NA
"797","article_0_0_2_3_0_199.RDa",2,1,1,NA
"798","article_0_0_2_3_0_199.RDa",2,1,2,NA
"799","article_0_0_2_3_0_199.RDa",2,2,1,NA
"800","article_0_0_2_3_0_199.RDa",2,2,2,NA
"801","article_0_0_2_3_1_200.RDa",1,1,1,NA
"802","article_0_0_2_3_1_200.RDa",1,1,2,NA
"803","article_0_0_2_3_1_200.RDa",1,2,1,NA
"804","article_0_0_2_3_1_200.RDa",1,2,2,NA
"805","article_0_0_2_3_1_200.RDa",2,1,1,NA
"806","article_0_0_2_3_1_200.RDa",2,1,2,NA
"807","article_0_0_2_3_1_200.RDa",2,2,1,NA
"808","article_0_0_2_3_1_200.RDa",2,2,2,NA
"809","article_0_0_2_3_1_201.RDa",1,1,1,NA
"810","article_0_0_2_3_1_201.RDa",1,1,2,NA
"811","article_0_0_2_3_1_201.RDa",1,2,1,NA
"812","article_0_0_2_3_1_201.RDa",1,2,2,NA
"813","article_0_0_2_3_1_201.RDa",2,1,1,NA
"814","article_0_0_2_3_1_201.RDa",2,1,2,NA
"815","article_0_0_2_3_1_201.RDa",2,2,1,NA
"816","article_0_0_2_3_1_201.RDa",2,2,2,NA
"817","article_0_0_2_3_1_202.RDa",1,1,1,NA
"818","article_0_0_2_3_1_202.RDa",1,1,2,NA
"819","article_0_0_2_3_1_202.RDa",1,2,1,NA
"820","article_0_0_2_3_1_202.RDa",1,2,2,NA
"821","article_0_0_2_3_1_202.RDa",2,1,1,NA
"822","article_0_0_2_3_1_202.RDa",2,1,2,NA
"823","article_0_0_2_3_1_202.RDa",2,2,1,NA
"824","article_0_0_2_3_1_202.RDa",2,2,2,NA
"825","article_0_0_2_3_1_203.RDa",1,1,1,NA
"826","article_0_0_2_3_1_203.RDa",1,1,2,NA
"827","article_0_0_2_3_1_203.RDa",1,2,1,NA
"828","article_0_0_2_3_1_203.RDa",1,2,2,NA
"829","article_0_0_2_3_1_203.RDa",2,1,1,NA
"830","article_0_0_2_3_1_203.RDa",2,1,2,NA
"831","article_0_0_2_3_1_203.RDa",2,2,1,NA
"832","article_0_0_2_3_1_203.RDa",2,2,2,NA
"833","article_0_0_2_3_1_204.RDa",1,1,1,NA
"834","article_0_0_2_3_1_204.RDa",1,1,2,NA
"835","article_0_0_2_3_1_204.RDa",1,2,1,NA
"836","article_0_0_2_3_1_204.RDa",1,2,2,NA
"837","article_0_0_2_3_1_204.RDa",2,1,1,NA
"838","article_0_0_2_3_1_204.RDa",2,1,2,NA
"839","article_0_0_2_3_1_204.RDa",2,2,1,NA
"840","article_0_0_2_3_1_204.RDa",2,2,2,NA
"841","article_0_0_2_3_1_205.RDa",1,1,1,NA
"842","article_0_0_2_3_1_205.RDa",1,1,2,NA
"843","article_0_0_2_3_1_205.RDa",1,2,1,NA
"844","article_0_0_2_3_1_205.RDa",1,2,2,NA
"845","article_0_0_2_3_1_205.RDa",2,1,1,114.556630076344
"846","article_0_0_2_3_1_205.RDa",2,1,2,NA
"847","article_0_0_2_3_1_205.RDa",2,2,1,NA
"848","article_0_0_2_3_1_205.RDa",2,2,2,NA
"849","article_0_0_2_3_1_206.RDa",1,1,1,NA
"850","article_0_0_2_3_1_206.RDa",1,1,2,NA
"851","article_0_0_2_3_1_206.RDa",1,2,1,NA
"852","article_0_0_2_3_1_206.RDa",1,2,2,NA
"853","article_0_0_2_3_1_206.RDa",2,1,1,NA
"854","article_0_0_2_3_1_206.RDa",2,1,2,NA
"855","article_0_0_2_3_1_206.RDa",2,2,1,NA
"856","article_0_0_2_3_1_206.RDa",2,2,2,NA
"857","article_0_0_2_3_1_207.RDa",1,1,1,NA
"858","article_0_0_2_3_1_207.RDa",1,1,2,NA
"859","article_0_0_2_3_1_207.RDa",1,2,1,NA
"860","article_0_0_2_3_1_207.RDa",1,2,2,NA
"861","article_0_0_2_3_1_207.RDa",2,1,1,NA
"862","article_0_0_2_3_1_207.RDa",2,1,2,NA
"863","article_0_0_2_3_1_207.RDa",2,2,1,NA
"864","article_0_0_2_3_1_207.RDa",2,2,2,NA
"865","article_0_0_2_3_1_208.RDa",1,1,1,NA
"866","article_0_0_2_3_1_208.RDa",1,1,2,NA
"867","article_0_0_2_3_1_208.RDa",1,2,1,NA
"868","article_0_0_2_3_1_208.RDa",1,2,2,NA
"869","article_0_0_2_3_1_208.RDa",2,1,1,NA
"870","article_0_0_2_3_1_208.RDa",2,1,2,NA
"871","article_0_0_2_3_1_208.RDa",2,2,1,81.9688526107823
"872","article_0_0_2_3_1_208.RDa",2,2,2,NA
"873","article_0_0_2_3_1_209.RDa",1,1,1,NA
"874","article_0_0_2_3_1_209.RDa",1,1,2,NA
"875","article_0_0_2_3_1_209.RDa",1,2,1,NA
"876","article_0_0_2_3_1_209.RDa",1,2,2,NA
"877","article_0_0_2_3_1_209.RDa",2,1,1,402.75467660308
"878","article_0_0_2_3_1_209.RDa",2,1,2,NA
"879","article_0_0_2_3_1_209.RDa",2,2,1,NA
"880","article_0_0_2_3_1_209.RDa",2,2,2,NA
"881","article_0_0_2_3_1_210.RDa",1,1,1,59.2840594146771
"882","article_0_0_2_3_1_210.RDa",1,1,2,NA
"883","article_0_0_2_3_1_210.RDa",1,2,1,NA
"884","article_0_0_2_3_1_210.RDa",1,2,2,NA
"885","article_0_0_2_3_1_210.RDa",2,1,1,NA
"886","article_0_0_2_3_1_210.RDa",2,1,2,NA
"887","article_0_0_2_3_1_210.RDa",2,2,1,NA
"888","article_0_0_2_3_1_210.RDa",2,2,2,NA
"889","article_0_0_2_3_1_211.RDa",1,1,1,NA
"890","article_0_0_2_3_1_211.RDa",1,1,2,NA
"891","article_0_0_2_3_1_211.RDa",1,2,1,NA
"892","article_0_0_2_3_1_211.RDa",1,2,2,NA
"893","article_0_0_2_3_1_211.RDa",2,1,1,NA
"894","article_0_0_2_3_1_211.RDa",2,1,2,NA
"895","article_0_0_2_3_1_211.RDa",2,2,1,NA
"896","article_0_0_2_3_1_211.RDa",2,2,2,NA
"897","article_0_0_2_3_1_212.RDa",1,1,1,NA
"898","article_0_0_2_3_1_212.RDa",1,1,2,NA
"899","article_0_0_2_3_1_212.RDa",1,2,1,NA
"900","article_0_0_2_3_1_212.RDa",1,2,2,NA
"901","article_0_0_2_3_1_212.RDa",2,1,1,NA
"902","article_0_0_2_3_1_212.RDa",2,1,2,NA
"903","article_0_0_2_3_1_212.RDa",2,2,1,24.2832569556868
"904","article_0_0_2_3_1_212.RDa",2,2,2,NA
"905","article_0_0_2_3_1_213.RDa",1,1,1,NA
"906","article_0_0_2_3_1_213.RDa",1,1,2,NA
"907","article_0_0_2_3_1_213.RDa",1,2,1,NA
"908","article_0_0_2_3_1_213.RDa",1,2,2,NA
"909","article_0_0_2_3_1_213.RDa",2,1,1,NA
"910","article_0_0_2_3_1_213.RDa",2,1,2,NA
"911","article_0_0_2_3_1_213.RDa",2,2,1,NA
"912","article_0_0_2_3_1_213.RDa",2,2,2,NA
"913","article_0_0_2_3_1_214.RDa",1,1,1,NA
"914","article_0_0_2_3_1_214.RDa",1,1,2,NA
"915","article_0_0_2_3_1_214.RDa",1,2,1,NA
"916","article_0_0_2_3_1_214.RDa",1,2,2,NA
"917","article_0_0_2_3_1_214.RDa",2,1,1,145.20100168537
"918","article_0_0_2_3_1_214.RDa",2,1,2,NA
"919","article_0_0_2_3_1_214.RDa",2,2,1,NA
"920","article_0_0_2_3_1_214.RDa",2,2,2,NA
"921","article_0_0_2_3_1_215.RDa",1,1,1,NA
"922","article_0_0_2_3_1_215.RDa",1,1,2,NA
"923","article_0_0_2_3_1_215.RDa",1,2,1,NA
"924","article_0_0_2_3_1_215.RDa",1,2,2,507.34274258921
"925","article_0_0_2_3_1_215.RDa",2,1,1,NA
"926","article_0_0_2_3_1_215.RDa",2,1,2,NA
"927","article_0_0_2_3_1_215.RDa",2,2,1,NA
"928","article_0_0_2_3_1_215.RDa",2,2,2,NA
"929","article_0_0_2_3_1_216.RDa",1,1,1,299.10650711107
"930","article_0_0_2_3_1_216.RDa",1,1,2,NA
"931","article_0_0_2_3_1_216.RDa",1,2,1,NA
"932","article_0_0_2_3_1_216.RDa",1,2,2,NA
"933","article_0_0_2_3_1_216.RDa",2,1,1,NA
"934","article_0_0_2_3_1_216.RDa",2,1,2,NA
"935","article_0_0_2_3_1_216.RDa",2,2,1,NA
"936","article_0_0_2_3_1_216.RDa",2,2,2,NA
"937","article_0_0_2_3_1_217.RDa",1,1,1,NA
"938","article_0_0_2_3_1_217.RDa",1,1,2,NA
"939","article_0_0_2_3_1_217.RDa",1,2,1,NA
"940","article_0_0_2_3_1_217.RDa",1,2,2,NA
"941","article_0_0_2_3_1_217.RDa",2,1,1,NA
"942","article_0_0_2_3_1_217.RDa",2,1,2,NA
"943","article_0_0_2_3_1_217.RDa",2,2,1,NA
"944","article_0_0_2_3_1_217.RDa",2,2,2,NA
"945","article_0_0_2_3_1_218.RDa",1,1,1,NA
"946","article_0_0_2_3_1_218.RDa",1,1,2,NA
"947","article_0_0_2_3_1_218.RDa",1,2,1,NA
"948","article_0_0_2_3_1_218.RDa",1,2,2,NA
"949","article_0_0_2_3_1_218.RDa",2,1,1,NA
"950","article_0_0_2_3_1_218.RDa",2,1,2,NA
"951","article_0_0_2_3_1_218.RDa",2,2,1,NA
"952","article_0_0_2_3_1_218.RDa",2,2,2,NA
"953","article_0_0_2_3_1_219.RDa",1,1,1,NA
"954","article_0_0_2_3_1_219.RDa",1,1,2,NA
"955","article_0_0_2_3_1_219.RDa",1,2,1,NA
"956","article_0_0_2_3_1_219.RDa",1,2,2,NA
"957","article_0_0_2_3_1_219.RDa",2,1,1,NA
"958","article_0_0_2_3_1_219.RDa",2,1,2,NA
"959","article_0_0_2_3_1_219.RDa",2,2,1,NA
"960","article_0_0_2_3_1_219.RDa",2,2,2,NA
"961","article_0_1_0_3_0_220.RDa",1,1,1,NA
"962","article_0_1_0_3_0_220.RDa",1,1,2,NA
"963","article_0_1_0_3_0_220.RDa",1,2,1,NA
"964","article_0_1_0_3_0_220.RDa",1,2,2,NA
"965","article_0_1_0_3_0_220.RDa",2,1,1,NA
"966","article_0_1_0_3_0_220.RDa",2,1,2,NA
"967","article_0_1_0_3_0_220.RDa",2,2,1,NA
"968","article_0_1_0_3_0_220.RDa",2,2,2,NA
"969","article_0_1_0_3_0_221.RDa",1,1,1,NA
"970","article_0_1_0_3_0_221.RDa",1,1,2,NA
"971","article_0_1_0_3_0_221.RDa",1,2,1,NA
"972","article_0_1_0_3_0_221.RDa",1,2,2,NA
"973","article_0_1_0_3_0_221.RDa",2,1,1,NA
"974","article_0_1_0_3_0_221.RDa",2,1,2,NA
"975","article_0_1_0_3_0_221.RDa",2,2,1,NA
"976","article_0_1_0_3_0_221.RDa",2,2,2,NA
"977","article_0_1_0_3_0_222.RDa",1,1,1,NA
"978","article_0_1_0_3_0_222.RDa",1,1,2,NA
"979","article_0_1_0_3_0_222.RDa",1,2,1,NA
"980","article_0_1_0_3_0_222.RDa",1,2,2,NA
"981","article_0_1_0_3_0_222.RDa",2,1,1,NA
"982","article_0_1_0_3_0_222.RDa",2,1,2,NA
"983","article_0_1_0_3_0_222.RDa",2,2,1,NA
"984","article_0_1_0_3_0_222.RDa",2,2,2,NA
"985","article_0_1_0_3_0_223.RDa",1,1,1,NA
"986","article_0_1_0_3_0_223.RDa",1,1,2,NA
"987","article_0_1_0_3_0_223.RDa",1,2,1,NA
"988","article_0_1_0_3_0_223.RDa",1,2,2,NA
"989","article_0_1_0_3_0_223.RDa",2,1,1,NA
"990","article_0_1_0_3_0_223.RDa",2,1,2,NA
"991","article_0_1_0_3_0_223.RDa",2,2,1,NA
"992","article_0_1_0_3_0_223.RDa",2,2,2,NA
"993","article_0_1_0_3_0_224.RDa",1,1,1,NA
"994","article_0_1_0_3_0_224.RDa",1,1,2,NA
"995","article_0_1_0_3_0_224.RDa",1,2,1,NA
"996","article_0_1_0_3_0_224.RDa",1,2,2,NA
"997","article_0_1_0_3_0_224.RDa",2,1,1,NA
"998","article_0_1_0_3_0_224.RDa",2,1,2,NA
"999","article_0_1_0_3_0_224.RDa",2,2,1,NA
"1000","article_0_1_0_3_0_224.RDa",2,2,2,NA
"1001","article_0_1_0_3_0_225.RDa",1,1,1,NA
"1002","article_0_1_0_3_0_225.RDa",1,1,2,NA
"1003","article_0_1_0_3_0_225.RDa",1,2,1,NA
"1004","article_0_1_0_3_0_225.RDa",1,2,2,NA
"1005","article_0_1_0_3_0_225.RDa",2,1,1,NA
"1006","article_0_1_0_3_0_225.RDa",2,1,2,NA
"1007","article_0_1_0_3_0_225.RDa",2,2,1,NA
"1008","article_0_1_0_3_0_225.RDa",2,2,2,NA
"1009","article_0_1_0_3_0_226.RDa",1,1,1,NA
"1010","article_0_1_0_3_0_226.RDa",1,1,2,NA
"1011","article_0_1_0_3_0_226.RDa",1,2,1,NA
"1012","article_0_1_0_3_0_226.RDa",1,2,2,NA
"1013","article_0_1_0_3_0_226.RDa",2,1,1,NA
"1014","article_0_1_0_3_0_226.RDa",2,1,2,NA
"1015","article_0_1_0_3_0_226.RDa",2,2,1,NA
"1016","article_0_1_0_3_0_226.RDa",2,2,2,NA
"1017","article_0_1_0_3_0_227.RDa",1,1,1,NA
"1018","article_0_1_0_3_0_227.RDa",1,1,2,NA
"1019","article_0_1_0_3_0_227.RDa",1,2,1,NA
"1020","article_0_1_0_3_0_227.RDa",1,2,2,NA
"1021","article_0_1_0_3_0_227.RDa",2,1,1,NA
"1022","article_0_1_0_3_0_227.RDa",2,1,2,NA
"1023","article_0_1_0_3_0_227.RDa",2,2,1,NA
"1024","article_0_1_0_3_0_227.RDa",2,2,2,NA
"1025","article_0_1_0_3_0_228.RDa",1,1,1,NA
"1026","article_0_1_0_3_0_228.RDa",1,1,2,NA
"1027","article_0_1_0_3_0_228.RDa",1,2,1,NA
"1028","article_0_1_0_3_0_228.RDa",1,2,2,NA
"1029","article_0_1_0_3_0_228.RDa",2,1,1,NA
"1030","article_0_1_0_3_0_228.RDa",2,1,2,NA
"1031","article_0_1_0_3_0_228.RDa",2,2,1,NA
"1032","article_0_1_0_3_0_228.RDa",2,2,2,NA
"1033","article_0_1_0_3_0_229.RDa",1,1,1,NA
"1034","article_0_1_0_3_0_229.RDa",1,1,2,NA
"1035","article_0_1_0_3_0_229.RDa",1,2,1,NA
"1036","article_0_1_0_3_0_229.RDa",1,2,2,NA
"1037","article_0_1_0_3_0_229.RDa",2,1,1,NA
"1038","article_0_1_0_3_0_229.RDa",2,1,2,NA
"1039","article_0_1_0_3_0_229.RDa",2,2,1,NA
"1040","article_0_1_0_3_0_229.RDa",2,2,2,NA
"1041","article_0_1_0_3_0_230.RDa",1,1,1,NA
"1042","article_0_1_0_3_0_230.RDa",1,1,2,NA
"1043","article_0_1_0_3_0_230.RDa",1,2,1,NA
"1044","article_0_1_0_3_0_230.RDa",1,2,2,NA
"1045","article_0_1_0_3_0_230.RDa",2,1,1,NA
"1046","article_0_1_0_3_0_230.RDa",2,1,2,NA
"1047","article_0_1_0_3_0_230.RDa",2,2,1,NA
"1048","article_0_1_0_3_0_230.RDa",2,2,2,NA
"1049","article_0_1_0_3_0_231.RDa",1,1,1,NA
"1050","article_0_1_0_3_0_231.RDa",1,1,2,NA
"1051","article_0_1_0_3_0_231.RDa",1,2,1,NA
"1052","article_0_1_0_3_0_231.RDa",1,2,2,NA
"1053","article_0_1_0_3_0_231.RDa",2,1,1,NA
"1054","article_0_1_0_3_0_231.RDa",2,1,2,NA
"1055","article_0_1_0_3_0_231.RDa",2,2,1,NA
"1056","article_0_1_0_3_0_231.RDa",2,2,2,NA
"1057","article_0_1_0_3_0_232.RDa",1,1,1,NA
"1058","article_0_1_0_3_0_232.RDa",1,1,2,NA
"1059","article_0_1_0_3_0_232.RDa",1,2,1,NA
"1060","article_0_1_0_3_0_232.RDa",1,2,2,NA
"1061","article_0_1_0_3_0_232.RDa",2,1,1,NA
"1062","article_0_1_0_3_0_232.RDa",2,1,2,NA
"1063","article_0_1_0_3_0_232.RDa",2,2,1,NA
"1064","article_0_1_0_3_0_232.RDa",2,2,2,NA
"1065","article_0_1_0_3_0_233.RDa",1,1,1,NA
"1066","article_0_1_0_3_0_233.RDa",1,1,2,NA
"1067","article_0_1_0_3_0_233.RDa",1,2,1,NA
"1068","article_0_1_0_3_0_233.RDa",1,2,2,NA
"1069","article_0_1_0_3_0_233.RDa",2,1,1,NA
"1070","article_0_1_0_3_0_233.RDa",2,1,2,NA
"1071","article_0_1_0_3_0_233.RDa",2,2,1,NA
"1072","article_0_1_0_3_0_233.RDa",2,2,2,NA
"1073","article_0_1_0_3_0_234.RDa",1,1,1,NA
"1074","article_0_1_0_3_0_234.RDa",1,1,2,NA
"1075","article_0_1_0_3_0_234.RDa",1,2,1,NA
"1076","article_0_1_0_3_0_234.RDa",1,2,2,NA
"1077","article_0_1_0_3_0_234.RDa",2,1,1,NA
"1078","article_0_1_0_3_0_234.RDa",2,1,2,NA
"1079","article_0_1_0_3_0_234.RDa",2,2,1,NA
"1080","article_0_1_0_3_0_234.RDa",2,2,2,NA
"1081","article_0_1_0_3_0_235.RDa",1,1,1,NA
"1082","article_0_1_0_3_0_235.RDa",1,1,2,NA
"1083","article_0_1_0_3_0_235.RDa",1,2,1,NA
"1084","article_0_1_0_3_0_235.RDa",1,2,2,NA
"1085","article_0_1_0_3_0_235.RDa",2,1,1,NA
"1086","article_0_1_0_3_0_235.RDa",2,1,2,NA
"1087","article_0_1_0_3_0_235.RDa",2,2,1,NA
"1088","article_0_1_0_3_0_235.RDa",2,2,2,NA
"1089","article_0_1_0_3_0_236.RDa",1,1,1,NA
"1090","article_0_1_0_3_0_236.RDa",1,1,2,NA
"1091","article_0_1_0_3_0_236.RDa",1,2,1,NA
"1092","article_0_1_0_3_0_236.RDa",1,2,2,NA
"1093","article_0_1_0_3_0_236.RDa",2,1,1,NA
"1094","article_0_1_0_3_0_236.RDa",2,1,2,NA
"1095","article_0_1_0_3_0_236.RDa",2,2,1,NA
"1096","article_0_1_0_3_0_236.RDa",2,2,2,NA
"1097","article_0_1_0_3_0_237.RDa",1,1,1,NA
"1098","article_0_1_0_3_0_237.RDa",1,1,2,NA
"1099","article_0_1_0_3_0_237.RDa",1,2,1,NA
"1100","article_0_1_0_3_0_237.RDa",1,2,2,NA
"1101","article_0_1_0_3_0_237.RDa",2,1,1,NA
"1102","article_0_1_0_3_0_237.RDa",2,1,2,NA
"1103","article_0_1_0_3_0_237.RDa",2,2,1,NA
"1104","article_0_1_0_3_0_237.RDa",2,2,2,NA
"1105","article_0_1_0_3_0_238.RDa",1,1,1,NA
"1106","article_0_1_0_3_0_238.RDa",1,1,2,NA
"1107","article_0_1_0_3_0_238.RDa",1,2,1,3.96592194151209
"1108","article_0_1_0_3_0_238.RDa",1,2,2,NA
"1109","article_0_1_0_3_0_238.RDa",2,1,1,NA
"1110","article_0_1_0_3_0_238.RDa",2,1,2,NA
"1111","article_0_1_0_3_0_238.RDa",2,2,1,NA
"1112","article_0_1_0_3_0_238.RDa",2,2,2,NA
"1113","article_0_1_0_3_0_239.RDa",1,1,1,NA
"1114","article_0_1_0_3_0_239.RDa",1,1,2,NA
"1115","article_0_1_0_3_0_239.RDa",1,2,1,28.5172058083083
"1116","article_0_1_0_3_0_239.RDa",1,2,2,NA
"1117","article_0_1_0_3_0_239.RDa",2,1,1,NA
"1118","article_0_1_0_3_0_239.RDa",2,1,2,NA
"1119","article_0_1_0_3_0_239.RDa",2,2,1,NA
"1120","article_0_1_0_3_0_239.RDa",2,2,2,NA
"1121","article_0_1_0_3_1_240.RDa",1,1,1,NA
"1122","article_0_1_0_3_1_240.RDa",1,1,2,NA
"1123","article_0_1_0_3_1_240.RDa",1,2,1,NA
"1124","article_0_1_0_3_1_240.RDa",1,2,2,NA
"1125","article_0_1_0_3_1_240.RDa",2,1,1,NA
"1126","article_0_1_0_3_1_240.RDa",2,1,2,NA
"1127","article_0_1_0_3_1_240.RDa",2,2,1,NA
"1128","article_0_1_0_3_1_240.RDa",2,2,2,NA
"1129","article_0_1_0_3_1_241.RDa",1,1,1,NA
"1130","article_0_1_0_3_1_241.RDa",1,1,2,NA
"1131","article_0_1_0_3_1_241.RDa",1,2,1,NA
"1132","article_0_1_0_3_1_241.RDa",1,2,2,NA
"1133","article_0_1_0_3_1_241.RDa",2,1,1,NA
"1134","article_0_1_0_3_1_241.RDa",2,1,2,NA
"1135","article_0_1_0_3_1_241.RDa",2,2,1,NA
"1136","article_0_1_0_3_1_241.RDa",2,2,2,NA
"1137","article_0_1_0_3_1_242.RDa",1,1,1,NA
"1138","article_0_1_0_3_1_242.RDa",1,1,2,NA
"1139","article_0_1_0_3_1_242.RDa",1,2,1,NA
"1140","article_0_1_0_3_1_242.RDa",1,2,2,NA
"1141","article_0_1_0_3_1_242.RDa",2,1,1,NA
"1142","article_0_1_0_3_1_242.RDa",2,1,2,NA
"1143","article_0_1_0_3_1_242.RDa",2,2,1,NA
"1144","article_0_1_0_3_1_242.RDa",2,2,2,NA
"1145","article_0_1_0_3_1_243.RDa",1,1,1,NA
"1146","article_0_1_0_3_1_243.RDa",1,1,2,NA
"1147","article_0_1_0_3_1_243.RDa",1,2,1,NA
"1148","article_0_1_0_3_1_243.RDa",1,2,2,NA
"1149","article_0_1_0_3_1_243.RDa",2,1,1,NA
"1150","article_0_1_0_3_1_243.RDa",2,1,2,NA
"1151","article_0_1_0_3_1_243.RDa",2,2,1,NA
"1152","article_0_1_0_3_1_243.RDa",2,2,2,NA
"1153","article_0_1_0_3_1_244.RDa",1,1,1,NA
"1154","article_0_1_0_3_1_244.RDa",1,1,2,NA
"1155","article_0_1_0_3_1_244.RDa",1,2,1,NA
"1156","article_0_1_0_3_1_244.RDa",1,2,2,NA
"1157","article_0_1_0_3_1_244.RDa",2,1,1,NA
"1158","article_0_1_0_3_1_244.RDa",2,1,2,NA
"1159","article_0_1_0_3_1_244.RDa",2,2,1,NA
"1160","article_0_1_0_3_1_244.RDa",2,2,2,NA
"1161","article_0_1_0_3_1_245.RDa",1,1,1,NA
"1162","article_0_1_0_3_1_245.RDa",1,1,2,NA
"1163","article_0_1_0_3_1_245.RDa",1,2,1,90.9023689005135
"1164","article_0_1_0_3_1_245.RDa",1,2,2,NA
"1165","article_0_1_0_3_1_245.RDa",2,1,1,NA
"1166","article_0_1_0_3_1_245.RDa",2,1,2,NA
"1167","article_0_1_0_3_1_245.RDa",2,2,1,NA
"1168","article_0_1_0_3_1_245.RDa",2,2,2,NA
"1169","article_0_1_0_3_1_246.RDa",1,1,1,NA
"1170","article_0_1_0_3_1_246.RDa",1,1,2,NA
"1171","article_0_1_0_3_1_246.RDa",1,2,1,446.200776404591
"1172","article_0_1_0_3_1_246.RDa",1,2,2,NA
"1173","article_0_1_0_3_1_246.RDa",2,1,1,NA
"1174","article_0_1_0_3_1_246.RDa",2,1,2,NA
"1175","article_0_1_0_3_1_246.RDa",2,2,1,NA
"1176","article_0_1_0_3_1_246.RDa",2,2,2,NA
"1177","article_0_1_0_3_1_247.RDa",1,1,1,NA
"1178","article_0_1_0_3_1_247.RDa",1,1,2,NA
"1179","article_0_1_0_3_1_247.RDa",1,2,1,342.618052682752
"1180","article_0_1_0_3_1_247.RDa",1,2,2,NA
"1181","article_0_1_0_3_1_247.RDa",2,1,1,NA
"1182","article_0_1_0_3_1_247.RDa",2,1,2,NA
"1183","article_0_1_0_3_1_247.RDa",2,2,1,NA
"1184","article_0_1_0_3_1_247.RDa",2,2,2,NA
"1185","article_0_1_0_3_1_248.RDa",1,1,1,NA
"1186","article_0_1_0_3_1_248.RDa",1,1,2,NA
"1187","article_0_1_0_3_1_248.RDa",1,2,1,223.449988983736
"1188","article_0_1_0_3_1_248.RDa",1,2,2,NA
"1189","article_0_1_0_3_1_248.RDa",2,1,1,NA
"1190","article_0_1_0_3_1_248.RDa",2,1,2,NA
"1191","article_0_1_0_3_1_248.RDa",2,2,1,NA
"1192","article_0_1_0_3_1_248.RDa",2,2,2,NA
"1193","article_0_1_0_3_1_249.RDa",1,1,1,NA
"1194","article_0_1_0_3_1_249.RDa",1,1,2,NA
"1195","article_0_1_0_3_1_249.RDa",1,2,1,NA
"1196","article_0_1_0_3_1_249.RDa",1,2,2,NA
"1197","article_0_1_0_3_1_249.RDa",2,1,1,NA
"1198","article_0_1_0_3_1_249.RDa",2,1,2,NA
"1199","article_0_1_0_3_1_249.RDa",2,2,1,NA
"1200","article_0_1_0_3_1_249.RDa",2,2,2,NA
"1201","article_0_1_0_3_1_250.RDa",1,1,1,NA
"1202","article_0_1_0_3_1_250.RDa",1,1,2,NA
"1203","article_0_1_0_3_1_250.RDa",1,2,1,NA
"1204","article_0_1_0_3_1_250.RDa",1,2,2,NA
"1205","article_0_1_0_3_1_250.RDa",2,1,1,NA
"1206","article_0_1_0_3_1_250.RDa",2,1,2,NA
"1207","article_0_1_0_3_1_250.RDa",2,2,1,NA
"1208","article_0_1_0_3_1_250.RDa",2,2,2,NA
"1209","article_0_1_0_3_1_251.RDa",1,1,1,NA
"1210","article_0_1_0_3_1_251.RDa",1,1,2,NA
"1211","article_0_1_0_3_1_251.RDa",1,2,1,NA
"1212","article_0_1_0_3_1_251.RDa",1,2,2,NA
"1213","article_0_1_0_3_1_251.RDa",2,1,1,NA
"1214","article_0_1_0_3_1_251.RDa",2,1,2,NA
"1215","article_0_1_0_3_1_251.RDa",2,2,1,NA
"1216","article_0_1_0_3_1_251.RDa",2,2,2,NA
"1217","article_0_1_0_3_1_252.RDa",1,1,1,NA
"1218","article_0_1_0_3_1_252.RDa",1,1,2,NA
"1219","article_0_1_0_3_1_252.RDa",1,2,1,NA
"1220","article_0_1_0_3_1_252.RDa",1,2,2,NA
"1221","article_0_1_0_3_1_252.RDa",2,1,1,NA
"1222","article_0_1_0_3_1_252.RDa",2,1,2,NA
"1223","article_0_1_0_3_1_252.RDa",2,2,1,NA
"1224","article_0_1_0_3_1_252.RDa",2,2,2,58.6473077892742
"1225","article_0_1_0_3_1_253.RDa",1,1,1,NA
"1226","article_0_1_0_3_1_253.RDa",1,1,2,NA
"1227","article_0_1_0_3_1_253.RDa",1,2,1,NA
"1228","article_0_1_0_3_1_253.RDa",1,2,2,NA
"1229","article_0_1_0_3_1_253.RDa",2,1,1,35.156225423983
"1230","article_0_1_0_3_1_253.RDa",2,1,2,NA
"1231","article_0_1_0_3_1_253.RDa",2,2,1,NA
"1232","article_0_1_0_3_1_253.RDa",2,2,2,NA
"1233","article_0_1_0_3_1_254.RDa",1,1,1,NA
"1234","article_0_1_0_3_1_254.RDa",1,1,2,NA
"1235","article_0_1_0_3_1_254.RDa",1,2,1,NA
"1236","article_0_1_0_3_1_254.RDa",1,2,2,NA
"1237","article_0_1_0_3_1_254.RDa",2,1,1,NA
"1238","article_0_1_0_3_1_254.RDa",2,1,2,NA
"1239","article_0_1_0_3_1_254.RDa",2,2,1,NA
"1240","article_0_1_0_3_1_254.RDa",2,2,2,NA
"1241","article_0_1_0_3_1_255.RDa",1,1,1,NA
"1242","article_0_1_0_3_1_255.RDa",1,1,2,NA
"1243","article_0_1_0_3_1_255.RDa",1,2,1,NA
"1244","article_0_1_0_3_1_255.RDa",1,2,2,NA
"1245","article_0_1_0_3_1_255.RDa",2,1,1,NA
"1246","article_0_1_0_3_1_255.RDa",2,1,2,NA
"1247","article_0_1_0_3_1_255.RDa",2,2,1,NA
"1248","article_0_1_0_3_1_255.RDa",2,2,2,NA
"1249","article_0_1_0_3_1_256.RDa",1,1,1,NA
"1250","article_0_1_0_3_1_256.RDa",1,1,2,NA
"1251","article_0_1_0_3_1_256.RDa",1,2,1,NA
"1252","article_0_1_0_3_1_256.RDa",1,2,2,NA
"1253","article_0_1_0_3_1_256.RDa",2,1,1,NA
"1254","article_0_1_0_3_1_256.RDa",2,1,2,NA
"1255","article_0_1_0_3_1_256.RDa",2,2,1,NA
"1256","article_0_1_0_3_1_256.RDa",2,2,2,NA
"1257","article_0_1_0_3_1_257.RDa",1,1,1,NA
"1258","article_0_1_0_3_1_257.RDa",1,1,2,NA
"1259","article_0_1_0_3_1_257.RDa",1,2,1,NA
"1260","article_0_1_0_3_1_257.RDa",1,2,2,NA
"1261","article_0_1_0_3_1_257.RDa",2,1,1,NA
"1262","article_0_1_0_3_1_257.RDa",2,1,2,NA
"1263","article_0_1_0_3_1_257.RDa",2,2,1,NA
"1264","article_0_1_0_3_1_257.RDa",2,2,2,NA
"1265","article_0_1_0_3_1_258.RDa",1,1,1,NA
"1266","article_0_1_0_3_1_258.RDa",1,1,2,NA
"1267","article_0_1_0_3_1_258.RDa",1,2,1,NA
"1268","article_0_1_0_3_1_258.RDa",1,2,2,93.4188889837521
"1269","article_0_1_0_3_1_258.RDa",2,1,1,NA
"1270","article_0_1_0_3_1_258.RDa",2,1,2,NA
"1271","article_0_1_0_3_1_258.RDa",2,2,1,NA
"1272","article_0_1_0_3_1_258.RDa",2,2,2,NA
"1273","article_0_1_0_3_1_259.RDa",1,1,1,NA
"1274","article_0_1_0_3_1_259.RDa",1,1,2,NA
"1275","article_0_1_0_3_1_259.RDa",1,2,1,NA
"1276","article_0_1_0_3_1_259.RDa",1,2,2,NA
"1277","article_0_1_0_3_1_259.RDa",2,1,1,NA
"1278","article_0_1_0_3_1_259.RDa",2,1,2,NA
"1279","article_0_1_0_3_1_259.RDa",2,2,1,22.8992949870455
"1280","article_0_1_0_3_1_259.RDa",2,2,2,NA
"1281","article_0_1_1_3_0_260.RDa",1,1,1,NA
"1282","article_0_1_1_3_0_260.RDa",1,1,2,NA
"1283","article_0_1_1_3_0_260.RDa",1,2,1,NA
"1284","article_0_1_1_3_0_260.RDa",1,2,2,NA
"1285","article_0_1_1_3_0_260.RDa",2,1,1,NA
"1286","article_0_1_1_3_0_260.RDa",2,1,2,NA
"1287","article_0_1_1_3_0_260.RDa",2,2,1,NA
"1288","article_0_1_1_3_0_260.RDa",2,2,2,NA
"1289","article_0_1_1_3_0_261.RDa",1,1,1,NA
"1290","article_0_1_1_3_0_261.RDa",1,1,2,NA
"1291","article_0_1_1_3_0_261.RDa",1,2,1,NA
"1292","article_0_1_1_3_0_261.RDa",1,2,2,NA
"1293","article_0_1_1_3_0_261.RDa",2,1,1,NA
"1294","article_0_1_1_3_0_261.RDa",2,1,2,NA
"1295","article_0_1_1_3_0_261.RDa",2,2,1,NA
"1296","article_0_1_1_3_0_261.RDa",2,2,2,NA
"1297","article_0_1_1_3_0_262.RDa",1,1,1,NA
"1298","article_0_1_1_3_0_262.RDa",1,1,2,NA
"1299","article_0_1_1_3_0_262.RDa",1,2,1,NA
"1300","article_0_1_1_3_0_262.RDa",1,2,2,764.587925429311
"1301","article_0_1_1_3_0_262.RDa",2,1,1,NA
"1302","article_0_1_1_3_0_262.RDa",2,1,2,NA
"1303","article_0_1_1_3_0_262.RDa",2,2,1,NA
"1304","article_0_1_1_3_0_262.RDa",2,2,2,NA
"1305","article_0_1_1_3_0_263.RDa",1,1,1,NA
"1306","article_0_1_1_3_0_263.RDa",1,1,2,NA
"1307","article_0_1_1_3_0_263.RDa",1,2,1,NA
"1308","article_0_1_1_3_0_263.RDa",1,2,2,NA
"1309","article_0_1_1_3_0_263.RDa",2,1,1,5.53798933716236
"1310","article_0_1_1_3_0_263.RDa",2,1,2,NA
"1311","article_0_1_1_3_0_263.RDa",2,2,1,NA
"1312","article_0_1_1_3_0_263.RDa",2,2,2,NA
"1313","article_0_1_1_3_0_264.RDa",1,1,1,NA
"1314","article_0_1_1_3_0_264.RDa",1,1,2,NA
"1315","article_0_1_1_3_0_264.RDa",1,2,1,76.888305396048
"1316","article_0_1_1_3_0_264.RDa",1,2,2,NA
"1317","article_0_1_1_3_0_264.RDa",2,1,1,NA
"1318","article_0_1_1_3_0_264.RDa",2,1,2,NA
"1319","article_0_1_1_3_0_264.RDa",2,2,1,NA
"1320","article_0_1_1_3_0_264.RDa",2,2,2,NA
"1321","article_0_1_1_3_0_265.RDa",1,1,1,NA
"1322","article_0_1_1_3_0_265.RDa",1,1,2,NA
"1323","article_0_1_1_3_0_265.RDa",1,2,1,332.825832075526
"1324","article_0_1_1_3_0_265.RDa",1,2,2,NA
"1325","article_0_1_1_3_0_265.RDa",2,1,1,NA
"1326","article_0_1_1_3_0_265.RDa",2,1,2,NA
"1327","article_0_1_1_3_0_265.RDa",2,2,1,NA
"1328","article_0_1_1_3_0_265.RDa",2,2,2,NA
"1329","article_0_1_1_3_0_266.RDa",1,1,1,NA
"1330","article_0_1_1_3_0_266.RDa",1,1,2,NA
"1331","article_0_1_1_3_0_266.RDa",1,2,1,389.212957726345
"1332","article_0_1_1_3_0_266.RDa",1,2,2,NA
"1333","article_0_1_1_3_0_266.RDa",2,1,1,NA
"1334","article_0_1_1_3_0_266.RDa",2,1,2,NA
"1335","article_0_1_1_3_0_266.RDa",2,2,1,NA
"1336","article_0_1_1_3_0_266.RDa",2,2,2,NA
"1337","article_0_1_1_3_0_267.RDa",1,1,1,NA
"1338","article_0_1_1_3_0_267.RDa",1,1,2,NA
"1339","article_0_1_1_3_0_267.RDa",1,2,1,33.7311948258563
"1340","article_0_1_1_3_0_267.RDa",1,2,2,NA
"1341","article_0_1_1_3_0_267.RDa",2,1,1,NA
"1342","article_0_1_1_3_0_267.RDa",2,1,2,NA
"1343","article_0_1_1_3_0_267.RDa",2,2,1,NA
"1344","article_0_1_1_3_0_267.RDa",2,2,2,NA
"1345","article_0_1_1_3_0_268.RDa",1,1,1,NA
"1346","article_0_1_1_3_0_268.RDa",1,1,2,NA
"1347","article_0_1_1_3_0_268.RDa",1,2,1,59.8021620211149
"1348","article_0_1_1_3_0_268.RDa",1,2,2,NA
"1349","article_0_1_1_3_0_268.RDa",2,1,1,NA
"1350","article_0_1_1_3_0_268.RDa",2,1,2,NA
"1351","article_0_1_1_3_0_268.RDa",2,2,1,NA
"1352","article_0_1_1_3_0_268.RDa",2,2,2,NA
"1353","article_0_1_1_3_0_269.RDa",1,1,1,NA
"1354","article_0_1_1_3_0_269.RDa",1,1,2,NA
"1355","article_0_1_1_3_0_269.RDa",1,2,1,NA
"1356","article_0_1_1_3_0_269.RDa",1,2,2,NA
"1357","article_0_1_1_3_0_269.RDa",2,1,1,NA
"1358","article_0_1_1_3_0_269.RDa",2,1,2,NA
"1359","article_0_1_1_3_0_269.RDa",2,2,1,NA
"1360","article_0_1_1_3_0_269.RDa",2,2,2,NA
"1361","article_0_1_1_3_0_270.RDa",1,1,1,NA
"1362","article_0_1_1_3_0_270.RDa",1,1,2,NA
"1363","article_0_1_1_3_0_270.RDa",1,2,1,255.197545388374
"1364","article_0_1_1_3_0_270.RDa",1,2,2,NA
"1365","article_0_1_1_3_0_270.RDa",2,1,1,NA
"1366","article_0_1_1_3_0_270.RDa",2,1,2,NA
"1367","article_0_1_1_3_0_270.RDa",2,2,1,NA
"1368","article_0_1_1_3_0_270.RDa",2,2,2,NA
"1369","article_0_1_1_3_0_271.RDa",1,1,1,NA
"1370","article_0_1_1_3_0_271.RDa",1,1,2,NA
"1371","article_0_1_1_3_0_271.RDa",1,2,1,46.9633162980871
"1372","article_0_1_1_3_0_271.RDa",1,2,2,NA
"1373","article_0_1_1_3_0_271.RDa",2,1,1,NA
"1374","article_0_1_1_3_0_271.RDa",2,1,2,NA
"1375","article_0_1_1_3_0_271.RDa",2,2,1,NA
"1376","article_0_1_1_3_0_271.RDa",2,2,2,NA
"1377","article_0_1_1_3_0_272.RDa",1,1,1,NA
"1378","article_0_1_1_3_0_272.RDa",1,1,2,NA
"1379","article_0_1_1_3_0_272.RDa",1,2,1,102.163058708868
"1380","article_0_1_1_3_0_272.RDa",1,2,2,NA
"1381","article_0_1_1_3_0_272.RDa",2,1,1,NA
"1382","article_0_1_1_3_0_272.RDa",2,1,2,NA
"1383","article_0_1_1_3_0_272.RDa",2,2,1,NA
"1384","article_0_1_1_3_0_272.RDa",2,2,2,NA
"1385","article_0_1_1_3_0_273.RDa",1,1,1,NA
"1386","article_0_1_1_3_0_273.RDa",1,1,2,NA
"1387","article_0_1_1_3_0_273.RDa",1,2,1,283.889634538266
"1388","article_0_1_1_3_0_273.RDa",1,2,2,NA
"1389","article_0_1_1_3_0_273.RDa",2,1,1,NA
"1390","article_0_1_1_3_0_273.RDa",2,1,2,NA
"1391","article_0_1_1_3_0_273.RDa",2,2,1,NA
"1392","article_0_1_1_3_0_273.RDa",2,2,2,NA
"1393","article_0_1_1_3_0_274.RDa",1,1,1,NA
"1394","article_0_1_1_3_0_274.RDa",1,1,2,NA
"1395","article_0_1_1_3_0_274.RDa",1,2,1,NA
"1396","article_0_1_1_3_0_274.RDa",1,2,2,NA
"1397","article_0_1_1_3_0_274.RDa",2,1,1,NA
"1398","article_0_1_1_3_0_274.RDa",2,1,2,NA
"1399","article_0_1_1_3_0_274.RDa",2,2,1,NA
"1400","article_0_1_1_3_0_274.RDa",2,2,2,NA
"1401","article_0_1_1_3_0_275.RDa",1,1,1,NA
"1402","article_0_1_1_3_0_275.RDa",1,1,2,NA
"1403","article_0_1_1_3_0_275.RDa",1,2,1,NA
"1404","article_0_1_1_3_0_275.RDa",1,2,2,NA
"1405","article_0_1_1_3_0_275.RDa",2,1,1,NA
"1406","article_0_1_1_3_0_275.RDa",2,1,2,NA
"1407","article_0_1_1_3_0_275.RDa",2,2,1,NA
"1408","article_0_1_1_3_0_275.RDa",2,2,2,NA
"1409","article_0_1_1_3_0_276.RDa",1,1,1,NA
"1410","article_0_1_1_3_0_276.RDa",1,1,2,NA
"1411","article_0_1_1_3_0_276.RDa",1,2,1,273.038601043274
"1412","article_0_1_1_3_0_276.RDa",1,2,2,NA
"1413","article_0_1_1_3_0_276.RDa",2,1,1,NA
"1414","article_0_1_1_3_0_276.RDa",2,1,2,NA
"1415","article_0_1_1_3_0_276.RDa",2,2,1,NA
"1416","article_0_1_1_3_0_276.RDa",2,2,2,NA
"1417","article_0_1_1_3_0_277.RDa",1,1,1,NA
"1418","article_0_1_1_3_0_277.RDa",1,1,2,NA
"1419","article_0_1_1_3_0_277.RDa",1,2,1,NA
"1420","article_0_1_1_3_0_277.RDa",1,2,2,NA
"1421","article_0_1_1_3_0_277.RDa",2,1,1,NA
"1422","article_0_1_1_3_0_277.RDa",2,1,2,NA
"1423","article_0_1_1_3_0_277.RDa",2,2,1,NA
"1424","article_0_1_1_3_0_277.RDa",2,2,2,NA
"1425","article_0_1_1_3_0_278.RDa",1,1,1,NA
"1426","article_0_1_1_3_0_278.RDa",1,1,2,NA
"1427","article_0_1_1_3_0_278.RDa",1,2,1,NA
"1428","article_0_1_1_3_0_278.RDa",1,2,2,NA
"1429","article_0_1_1_3_0_278.RDa",2,1,1,NA
"1430","article_0_1_1_3_0_278.RDa",2,1,2,NA
"1431","article_0_1_1_3_0_278.RDa",2,2,1,NA
"1432","article_0_1_1_3_0_278.RDa",2,2,2,NA
"1433","article_0_1_1_3_0_279.RDa",1,1,1,NA
"1434","article_0_1_1_3_0_279.RDa",1,1,2,NA
"1435","article_0_1_1_3_0_279.RDa",1,2,1,NA
"1436","article_0_1_1_3_0_279.RDa",1,2,2,NA
"1437","article_0_1_1_3_0_279.RDa",2,1,1,NA
"1438","article_0_1_1_3_0_279.RDa",2,1,2,NA
"1439","article_0_1_1_3_0_279.RDa",2,2,1,NA
"1440","article_0_1_1_3_0_279.RDa",2,2,2,NA
"1441","article_0_1_1_3_1_280.RDa",1,1,1,NA
"1442","article_0_1_1_3_1_280.RDa",1,1,2,NA
"1443","article_0_1_1_3_1_280.RDa",1,2,1,NA
"1444","article_0_1_1_3_1_280.RDa",1,2,2,NA
"1445","article_0_1_1_3_1_280.RDa",2,1,1,NA
"1446","article_0_1_1_3_1_280.RDa",2,1,2,NA
"1447","article_0_1_1_3_1_280.RDa",2,2,1,NA
"1448","article_0_1_1_3_1_280.RDa",2,2,2,NA
"1449","article_0_1_1_3_1_281.RDa",1,1,1,NA
"1450","article_0_1_1_3_1_281.RDa",1,1,2,NA
"1451","article_0_1_1_3_1_281.RDa",1,2,1,NA
"1452","article_0_1_1_3_1_281.RDa",1,2,2,189.769310294679
"1453","article_0_1_1_3_1_281.RDa",2,1,1,NA
"1454","article_0_1_1_3_1_281.RDa",2,1,2,NA
"1455","article_0_1_1_3_1_281.RDa",2,2,1,NA
"1456","article_0_1_1_3_1_281.RDa",2,2,2,NA
"1457","article_0_1_1_3_1_282.RDa",1,1,1,NA
"1458","article_0_1_1_3_1_282.RDa",1,1,2,NA
"1459","article_0_1_1_3_1_282.RDa",1,2,1,NA
"1460","article_0_1_1_3_1_282.RDa",1,2,2,161.95649470396
"1461","article_0_1_1_3_1_282.RDa",2,1,1,NA
"1462","article_0_1_1_3_1_282.RDa",2,1,2,NA
"1463","article_0_1_1_3_1_282.RDa",2,2,1,NA
"1464","article_0_1_1_3_1_282.RDa",2,2,2,NA
"1465","article_0_1_1_3_1_283.RDa",1,1,1,NA
"1466","article_0_1_1_3_1_283.RDa",1,1,2,NA
"1467","article_0_1_1_3_1_283.RDa",1,2,1,NA
"1468","article_0_1_1_3_1_283.RDa",1,2,2,496.945670545079
"1469","article_0_1_1_3_1_283.RDa",2,1,1,NA
"1470","article_0_1_1_3_1_283.RDa",2,1,2,NA
"1471","article_0_1_1_3_1_283.RDa",2,2,1,NA
"1472","article_0_1_1_3_1_283.RDa",2,2,2,NA
"1473","article_0_1_1_3_1_284.RDa",1,1,1,NA
"1474","article_0_1_1_3_1_284.RDa",1,1,2,NA
"1475","article_0_1_1_3_1_284.RDa",1,2,1,NA
"1476","article_0_1_1_3_1_284.RDa",1,2,2,NA
"1477","article_0_1_1_3_1_284.RDa",2,1,1,NA
"1478","article_0_1_1_3_1_284.RDa",2,1,2,NA
"1479","article_0_1_1_3_1_284.RDa",2,2,1,308.309216864272
"1480","article_0_1_1_3_1_284.RDa",2,2,2,NA
"1481","article_0_1_1_3_1_285.RDa",1,1,1,NA
"1482","article_0_1_1_3_1_285.RDa",1,1,2,NA
"1483","article_0_1_1_3_1_285.RDa",1,2,1,NA
"1484","article_0_1_1_3_1_285.RDa",1,2,2,NA
"1485","article_0_1_1_3_1_285.RDa",2,1,1,NA
"1486","article_0_1_1_3_1_285.RDa",2,1,2,NA
"1487","article_0_1_1_3_1_285.RDa",2,2,1,NA
"1488","article_0_1_1_3_1_285.RDa",2,2,2,NA
"1489","article_0_1_1_3_1_286.RDa",1,1,1,NA
"1490","article_0_1_1_3_1_286.RDa",1,1,2,NA
"1491","article_0_1_1_3_1_286.RDa",1,2,1,NA
"1492","article_0_1_1_3_1_286.RDa",1,2,2,NA
"1493","article_0_1_1_3_1_286.RDa",2,1,1,NA
"1494","article_0_1_1_3_1_286.RDa",2,1,2,NA
"1495","article_0_1_1_3_1_286.RDa",2,2,1,NA
"1496","article_0_1_1_3_1_286.RDa",2,2,2,4.09185501663356
"1497","article_0_1_1_3_1_287.RDa",1,1,1,NA
"1498","article_0_1_1_3_1_287.RDa",1,1,2,NA
"1499","article_0_1_1_3_1_287.RDa",1,2,1,NA
"1500","article_0_1_1_3_1_287.RDa",1,2,2,NA
"1501","article_0_1_1_3_1_287.RDa",2,1,1,54.0631451054716
"1502","article_0_1_1_3_1_287.RDa",2,1,2,NA
"1503","article_0_1_1_3_1_287.RDa",2,2,1,NA
"1504","article_0_1_1_3_1_287.RDa",2,2,2,NA
"1505","article_0_1_1_3_1_288.RDa",1,1,1,NA
"1506","article_0_1_1_3_1_288.RDa",1,1,2,NA
"1507","article_0_1_1_3_1_288.RDa",1,2,1,NA
"1508","article_0_1_1_3_1_288.RDa",1,2,2,NA
"1509","article_0_1_1_3_1_288.RDa",2,1,1,NA
"1510","article_0_1_1_3_1_288.RDa",2,1,2,NA
"1511","article_0_1_1_3_1_288.RDa",2,2,1,NA
"1512","article_0_1_1_3_1_288.RDa",2,2,2,NA
"1513","article_0_1_1_3_1_289.RDa",1,1,1,NA
"1514","article_0_1_1_3_1_289.RDa",1,1,2,NA
"1515","article_0_1_1_3_1_289.RDa",1,2,1,NA
"1516","article_0_1_1_3_1_289.RDa",1,2,2,624.569159977436
"1517","article_0_1_1_3_1_289.RDa",2,1,1,NA
"1518","article_0_1_1_3_1_289.RDa",2,1,2,NA
"1519","article_0_1_1_3_1_289.RDa",2,2,1,NA
"1520","article_0_1_1_3_1_289.RDa",2,2,2,NA
"1521","article_0_1_1_3_1_290.RDa",1,1,1,NA
"1522","article_0_1_1_3_1_290.RDa",1,1,2,NA
"1523","article_0_1_1_3_1_290.RDa",1,2,1,NA
"1524","article_0_1_1_3_1_290.RDa",1,2,2,NA
"1525","article_0_1_1_3_1_290.RDa",2,1,1,NA
"1526","article_0_1_1_3_1_290.RDa",2,1,2,NA
"1527","article_0_1_1_3_1_290.RDa",2,2,1,NA
"1528","article_0_1_1_3_1_290.RDa",2,2,2,NA
"1529","article_0_1_1_3_1_291.RDa",1,1,1,NA
"1530","article_0_1_1_3_1_291.RDa",1,1,2,NA
"1531","article_0_1_1_3_1_291.RDa",1,2,1,NA
"1532","article_0_1_1_3_1_291.RDa",1,2,2,NA
"1533","article_0_1_1_3_1_291.RDa",2,1,1,NA
"1534","article_0_1_1_3_1_291.RDa",2,1,2,NA
"1535","article_0_1_1_3_1_291.RDa",2,2,1,NA
"1536","article_0_1_1_3_1_291.RDa",2,2,2,NA
"1537","article_0_1_1_3_1_292.RDa",1,1,1,NA
"1538","article_0_1_1_3_1_292.RDa",1,1,2,NA
"1539","article_0_1_1_3_1_292.RDa",1,2,1,NA
"1540","article_0_1_1_3_1_292.RDa",1,2,2,262.979882079791
"1541","article_0_1_1_3_1_292.RDa",2,1,1,NA
"1542","article_0_1_1_3_1_292.RDa",2,1,2,NA
"1543","article_0_1_1_3_1_292.RDa",2,2,1,NA
"1544","article_0_1_1_3_1_292.RDa",2,2,2,NA
"1545","article_0_1_1_3_1_293.RDa",1,1,1,NA
"1546","article_0_1_1_3_1_293.RDa",1,1,2,NA
"1547","article_0_1_1_3_1_293.RDa",1,2,1,310.273704629136
"1548","article_0_1_1_3_1_293.RDa",1,2,2,NA
"1549","article_0_1_1_3_1_293.RDa",2,1,1,NA
"1550","article_0_1_1_3_1_293.RDa",2,1,2,NA
"1551","article_0_1_1_3_1_293.RDa",2,2,1,NA
"1552","article_0_1_1_3_1_293.RDa",2,2,2,NA
"1553","article_0_1_1_3_1_294.RDa",1,1,1,NA
"1554","article_0_1_1_3_1_294.RDa",1,1,2,NA
"1555","article_0_1_1_3_1_294.RDa",1,2,1,437.779691251632
"1556","article_0_1_1_3_1_294.RDa",1,2,2,NA
"1557","article_0_1_1_3_1_294.RDa",2,1,1,NA
"1558","article_0_1_1_3_1_294.RDa",2,1,2,NA
"1559","article_0_1_1_3_1_294.RDa",2,2,1,NA
"1560","article_0_1_1_3_1_294.RDa",2,2,2,NA
"1561","article_0_1_1_3_1_295.RDa",1,1,1,NA
"1562","article_0_1_1_3_1_295.RDa",1,1,2,NA
"1563","article_0_1_1_3_1_295.RDa",1,2,1,6.59002097624443
"1564","article_0_1_1_3_1_295.RDa",1,2,2,NA
"1565","article_0_1_1_3_1_295.RDa",2,1,1,NA
"1566","article_0_1_1_3_1_295.RDa",2,1,2,NA
"1567","article_0_1_1_3_1_295.RDa",2,2,1,NA
"1568","article_0_1_1_3_1_295.RDa",2,2,2,NA
"1569","article_0_1_1_3_1_296.RDa",1,1,1,NA
"1570","article_0_1_1_3_1_296.RDa",1,1,2,NA
"1571","article_0_1_1_3_1_296.RDa",1,2,1,2.81778449159054
"1572","article_0_1_1_3_1_296.RDa",1,2,2,NA
"1573","article_0_1_1_3_1_296.RDa",2,1,1,NA
"1574","article_0_1_1_3_1_296.RDa",2,1,2,NA
"1575","article_0_1_1_3_1_296.RDa",2,2,1,NA
"1576","article_0_1_1_3_1_296.RDa",2,2,2,NA
"1577","article_0_1_1_3_1_297.RDa",1,1,1,NA
"1578","article_0_1_1_3_1_297.RDa",1,1,2,NA
"1579","article_0_1_1_3_1_297.RDa",1,2,1,145.841535556796
"1580","article_0_1_1_3_1_297.RDa",1,2,2,NA
"1581","article_0_1_1_3_1_297.RDa",2,1,1,NA
"1582","article_0_1_1_3_1_297.RDa",2,1,2,NA
"1583","article_0_1_1_3_1_297.RDa",2,2,1,NA
"1584","article_0_1_1_3_1_297.RDa",2,2,2,NA
"1585","article_0_1_1_3_1_298.RDa",1,1,1,NA
"1586","article_0_1_1_3_1_298.RDa",1,1,2,NA
"1587","article_0_1_1_3_1_298.RDa",1,2,1,NA
"1588","article_0_1_1_3_1_298.RDa",1,2,2,NA
"1589","article_0_1_1_3_1_298.RDa",2,1,1,NA
"1590","article_0_1_1_3_1_298.RDa",2,1,2,NA
"1591","article_0_1_1_3_1_298.RDa",2,2,1,NA
"1592","article_0_1_1_3_1_298.RDa",2,2,2,NA
"1593","article_0_1_1_3_1_299.RDa",1,1,1,NA
"1594","article_0_1_1_3_1_299.RDa",1,1,2,NA
"1595","article_0_1_1_3_1_299.RDa",1,2,1,NA
"1596","article_0_1_1_3_1_299.RDa",1,2,2,NA
"1597","article_0_1_1_3_1_299.RDa",2,1,1,NA
"1598","article_0_1_1_3_1_299.RDa",2,1,2,NA
"1599","article_0_1_1_3_1_299.RDa",2,2,1,NA
"1600","article_0_1_1_3_1_299.RDa",2,2,2,NA
"1601","article_0_1_2_3_0_300.RDa",1,1,1,NA
"1602","article_0_1_2_3_0_300.RDa",1,1,2,NA
"1603","article_0_1_2_3_0_300.RDa",1,2,1,NA
"1604","article_0_1_2_3_0_300.RDa",1,2,2,NA
"1605","article_0_1_2_3_0_300.RDa",2,1,1,NA
"1606","article_0_1_2_3_0_300.RDa",2,1,2,NA
"1607","article_0_1_2_3_0_300.RDa",2,2,1,NA
"1608","article_0_1_2_3_0_300.RDa",2,2,2,NA
"1609","article_0_1_2_3_0_301.RDa",1,1,1,NA
"1610","article_0_1_2_3_0_301.RDa",1,1,2,NA
"1611","article_0_1_2_3_0_301.RDa",1,2,1,NA
"1612","article_0_1_2_3_0_301.RDa",1,2,2,NA
"1613","article_0_1_2_3_0_301.RDa",2,1,1,NA
"1614","article_0_1_2_3_0_301.RDa",2,1,2,NA
"1615","article_0_1_2_3_0_301.RDa",2,2,1,NA
"1616","article_0_1_2_3_0_301.RDa",2,2,2,NA
"1617","article_0_1_2_3_0_302.RDa",1,1,1,NA
"1618","article_0_1_2_3_0_302.RDa",1,1,2,NA
"1619","article_0_1_2_3_0_302.RDa",1,2,1,NA
"1620","article_0_1_2_3_0_302.RDa",1,2,2,NA
"1621","article_0_1_2_3_0_302.RDa",2,1,1,NA
"1622","article_0_1_2_3_0_302.RDa",2,1,2,NA
"1623","article_0_1_2_3_0_302.RDa",2,2,1,NA
"1624","article_0_1_2_3_0_302.RDa",2,2,2,NA
"1625","article_0_1_2_3_0_303.RDa",1,1,1,NA
"1626","article_0_1_2_3_0_303.RDa",1,1,2,NA
"1627","article_0_1_2_3_0_303.RDa",1,2,1,NA
"1628","article_0_1_2_3_0_303.RDa",1,2,2,NA
"1629","article_0_1_2_3_0_303.RDa",2,1,1,NA
"1630","article_0_1_2_3_0_303.RDa",2,1,2,NA
"1631","article_0_1_2_3_0_303.RDa",2,2,1,NA
"1632","article_0_1_2_3_0_303.RDa",2,2,2,NA
"1633","article_0_1_2_3_0_304.RDa",1,1,1,NA
"1634","article_0_1_2_3_0_304.RDa",1,1,2,NA
"1635","article_0_1_2_3_0_304.RDa",1,2,1,NA
"1636","article_0_1_2_3_0_304.RDa",1,2,2,NA
"1637","article_0_1_2_3_0_304.RDa",2,1,1,NA
"1638","article_0_1_2_3_0_304.RDa",2,1,2,NA
"1639","article_0_1_2_3_0_304.RDa",2,2,1,NA
"1640","article_0_1_2_3_0_304.RDa",2,2,2,NA
"1641","article_0_1_2_3_0_305.RDa",1,1,1,NA
"1642","article_0_1_2_3_0_305.RDa",1,1,2,NA
"1643","article_0_1_2_3_0_305.RDa",1,2,1,NA
"1644","article_0_1_2_3_0_305.RDa",1,2,2,NA
"1645","article_0_1_2_3_0_305.RDa",2,1,1,NA
"1646","article_0_1_2_3_0_305.RDa",2,1,2,NA
"1647","article_0_1_2_3_0_305.RDa",2,2,1,295.182797133812
"1648","article_0_1_2_3_0_305.RDa",2,2,2,NA
"1649","article_0_1_2_3_0_306.RDa",1,1,1,NA
"1650","article_0_1_2_3_0_306.RDa",1,1,2,NA
"1651","article_0_1_2_3_0_306.RDa",1,2,1,NA
"1652","article_0_1_2_3_0_306.RDa",1,2,2,NA
"1653","article_0_1_2_3_0_306.RDa",2,1,1,NA
"1654","article_0_1_2_3_0_306.RDa",2,1,2,NA
"1655","article_0_1_2_3_0_306.RDa",2,2,1,NA
"1656","article_0_1_2_3_0_306.RDa",2,2,2,67.86623013735
"1657","article_0_1_2_3_0_307.RDa",1,1,1,NA
"1658","article_0_1_2_3_0_307.RDa",1,1,2,NA
"1659","article_0_1_2_3_0_307.RDa",1,2,1,NA
"1660","article_0_1_2_3_0_307.RDa",1,2,2,NA
"1661","article_0_1_2_3_0_307.RDa",2,1,1,NA
"1662","article_0_1_2_3_0_307.RDa",2,1,2,NA
"1663","article_0_1_2_3_0_307.RDa",2,2,1,NA
"1664","article_0_1_2_3_0_307.RDa",2,2,2,577.095179781851
"1665","article_0_1_2_3_0_308.RDa",1,1,1,NA
"1666","article_0_1_2_3_0_308.RDa",1,1,2,NA
"1667","article_0_1_2_3_0_308.RDa",1,2,1,NA
"1668","article_0_1_2_3_0_308.RDa",1,2,2,NA
"1669","article_0_1_2_3_0_308.RDa",2,1,1,NA
"1670","article_0_1_2_3_0_308.RDa",2,1,2,NA
"1671","article_0_1_2_3_0_308.RDa",2,2,1,NA
"1672","article_0_1_2_3_0_308.RDa",2,2,2,NA
"1673","article_0_1_2_3_0_309.RDa",1,1,1,NA
"1674","article_0_1_2_3_0_309.RDa",1,1,2,NA
"1675","article_0_1_2_3_0_309.RDa",1,2,1,NA
"1676","article_0_1_2_3_0_309.RDa",1,2,2,NA
"1677","article_0_1_2_3_0_309.RDa",2,1,1,NA
"1678","article_0_1_2_3_0_309.RDa",2,1,2,NA
"1679","article_0_1_2_3_0_309.RDa",2,2,1,NA
"1680","article_0_1_2_3_0_309.RDa",2,2,2,NA
"1681","article_0_1_2_3_0_310.RDa",1,1,1,NA
"1682","article_0_1_2_3_0_310.RDa",1,1,2,NA
"1683","article_0_1_2_3_0_310.RDa",1,2,1,NA
"1684","article_0_1_2_3_0_310.RDa",1,2,2,NA
"1685","article_0_1_2_3_0_310.RDa",2,1,1,190.598702004244
"1686","article_0_1_2_3_0_310.RDa",2,1,2,NA
"1687","article_0_1_2_3_0_310.RDa",2,2,1,NA
"1688","article_0_1_2_3_0_310.RDa",2,2,2,NA
"1689","article_0_1_2_3_0_311.RDa",1,1,1,NA
"1690","article_0_1_2_3_0_311.RDa",1,1,2,NA
"1691","article_0_1_2_3_0_311.RDa",1,2,1,NA
"1692","article_0_1_2_3_0_311.RDa",1,2,2,NA
"1693","article_0_1_2_3_0_311.RDa",2,1,1,NA
"1694","article_0_1_2_3_0_311.RDa",2,1,2,110.039133224141
"1695","article_0_1_2_3_0_311.RDa",2,2,1,NA
"1696","article_0_1_2_3_0_311.RDa",2,2,2,NA
"1697","article_0_1_2_3_0_312.RDa",1,1,1,NA
"1698","article_0_1_2_3_0_312.RDa",1,1,2,NA
"1699","article_0_1_2_3_0_312.RDa",1,2,1,NA
"1700","article_0_1_2_3_0_312.RDa",1,2,2,NA
"1701","article_0_1_2_3_0_312.RDa",2,1,1,NA
"1702","article_0_1_2_3_0_312.RDa",2,1,2,NA
"1703","article_0_1_2_3_0_312.RDa",2,2,1,NA
"1704","article_0_1_2_3_0_312.RDa",2,2,2,NA
"1705","article_0_1_2_3_0_313.RDa",1,1,1,NA
"1706","article_0_1_2_3_0_313.RDa",1,1,2,NA
"1707","article_0_1_2_3_0_313.RDa",1,2,1,NA
"1708","article_0_1_2_3_0_313.RDa",1,2,2,NA
"1709","article_0_1_2_3_0_313.RDa",2,1,1,NA
"1710","article_0_1_2_3_0_313.RDa",2,1,2,NA
"1711","article_0_1_2_3_0_313.RDa",2,2,1,NA
"1712","article_0_1_2_3_0_313.RDa",2,2,2,NA
"1713","article_0_1_2_3_0_314.RDa",1,1,1,NA
"1714","article_0_1_2_3_0_314.RDa",1,1,2,NA
"1715","article_0_1_2_3_0_314.RDa",1,2,1,NA
"1716","article_0_1_2_3_0_314.RDa",1,2,2,NA
"1717","article_0_1_2_3_0_314.RDa",2,1,1,NA
"1718","article_0_1_2_3_0_314.RDa",2,1,2,NA
"1719","article_0_1_2_3_0_314.RDa",2,2,1,NA
"1720","article_0_1_2_3_0_314.RDa",2,2,2,NA
"1721","article_0_1_2_3_0_315.RDa",1,1,1,NA
"1722","article_0_1_2_3_0_315.RDa",1,1,2,NA
"1723","article_0_1_2_3_0_315.RDa",1,2,1,NA
"1724","article_0_1_2_3_0_315.RDa",1,2,2,NA
"1725","article_0_1_2_3_0_315.RDa",2,1,1,NA
"1726","article_0_1_2_3_0_315.RDa",2,1,2,NA
"1727","article_0_1_2_3_0_315.RDa",2,2,1,NA
"1728","article_0_1_2_3_0_315.RDa",2,2,2,NA
"1729","article_0_1_2_3_0_316.RDa",1,1,1,NA
"1730","article_0_1_2_3_0_316.RDa",1,1,2,NA
"1731","article_0_1_2_3_0_316.RDa",1,2,1,NA
"1732","article_0_1_2_3_0_316.RDa",1,2,2,NA
"1733","article_0_1_2_3_0_316.RDa",2,1,1,NA
"1734","article_0_1_2_3_0_316.RDa",2,1,2,NA
"1735","article_0_1_2_3_0_316.RDa",2,2,1,NA
"1736","article_0_1_2_3_0_316.RDa",2,2,2,NA
"1737","article_0_1_2_3_0_317.RDa",1,1,1,NA
"1738","article_0_1_2_3_0_317.RDa",1,1,2,NA
"1739","article_0_1_2_3_0_317.RDa",1,2,1,NA
"1740","article_0_1_2_3_0_317.RDa",1,2,2,NA
"1741","article_0_1_2_3_0_317.RDa",2,1,1,NA
"1742","article_0_1_2_3_0_317.RDa",2,1,2,NA
"1743","article_0_1_2_3_0_317.RDa",2,2,1,NA
"1744","article_0_1_2_3_0_317.RDa",2,2,2,NA
"1745","article_0_1_2_3_0_318.RDa",1,1,1,NA
"1746","article_0_1_2_3_0_318.RDa",1,1,2,NA
"1747","article_0_1_2_3_0_318.RDa",1,2,1,NA
"1748","article_0_1_2_3_0_318.RDa",1,2,2,NA
"1749","article_0_1_2_3_0_318.RDa",2,1,1,NA
"1750","article_0_1_2_3_0_318.RDa",2,1,2,NA
"1751","article_0_1_2_3_0_318.RDa",2,2,1,NA
"1752","article_0_1_2_3_0_318.RDa",2,2,2,NA
"1753","article_0_1_2_3_0_319.RDa",1,1,1,NA
"1754","article_0_1_2_3_0_319.RDa",1,1,2,NA
"1755","article_0_1_2_3_0_319.RDa",1,2,1,NA
"1756","article_0_1_2_3_0_319.RDa",1,2,2,NA
"1757","article_0_1_2_3_0_319.RDa",2,1,1,NA
"1758","article_0_1_2_3_0_319.RDa",2,1,2,NA
"1759","article_0_1_2_3_0_319.RDa",2,2,1,NA
"1760","article_0_1_2_3_0_319.RDa",2,2,2,NA
"1761","article_0_1_2_3_1_320.RDa",1,1,1,NA
"1762","article_0_1_2_3_1_320.RDa",1,1,2,NA
"1763","article_0_1_2_3_1_320.RDa",1,2,1,NA
"1764","article_0_1_2_3_1_320.RDa",1,2,2,NA
"1765","article_0_1_2_3_1_320.RDa",2,1,1,NA
"1766","article_0_1_2_3_1_320.RDa",2,1,2,NA
"1767","article_0_1_2_3_1_320.RDa",2,2,1,NA
"1768","article_0_1_2_3_1_320.RDa",2,2,2,NA
"1769